Workbook
Name Fronteras: 'Rangos'!$G$5:$G$9
Name Productos: 'Rangos'!$I$5:$I$22
Name Status: 'Rangos'!$B$5:$B$28
Name Transporte: 'Rangos'!$D$5:$D$33

Sheet Cargas
B2: PROGRAMA DE ARRIBOS 2014
B3: PLAN ARRIBOS DESDE 2024
O4: Detalle/descripción presentaciòn producto
A5: Desc. Sem.# | B5: Status List | C5: Factura Export. | D5: Productos | E5: Fecha de Carga | F5: Carpeta Import. | G5: Pais origen | H5: AFIDI | I5: Transportista | J5: Exportador | K5: Fecha Frontera | L5: Frontera | M5: Fecha Descarga | N5: TT | O5: Cajas | P5: Cannt Camiones | Q5: Cajas Descargadas | R5: CANT. DE PALLET | S5: CANT.KILOS POR CAJAS | T5: MGAP | U5: MIC / CONTENEDOR | V5: CODIGO DE VIAJE | W5: PLACAS T | X5: Observaciones
A6: 50 | B6: Cancelado | C6: xx | D6: Banana | E6: 44553 | F6: =IF(C6<>"",VLOOKUP($C6,Carpetas!$C$5:$L$2060,2,FALSE),"") -> xx | G6: BO | H6: =IF(C6<>"",VLOOKUP($C6,Carpetas!$C$5:$L$2060,9,FALSE),"") -> xx | I6: =IF(C6<>"",VLOOKUP($C6,Carpetas!$C$5:$L$2060,5,FALSE),"") -> xx | K6: =E6+5 -> 44558 | L6: =VLOOKUP($C6,Carpetas!$C$5:$L$2060,4,FALSE) -> xx | M6: =K6+1 -> 44559 | N6: =IF(M6<>"",M6-E6,"-") -> 6 | O6: 1000
A7: 51 | B7: Cancelado | C7: xx | D7: Banana | E7: 44554 | F7: =IF(C7<>"",VLOOKUP($C7,Carpetas!$C$5:$L$2060,2,FALSE),"") -> xx | G7: BO | H7: =IF(C7<>"",VLOOKUP($C7,Carpetas!$C$5:$L$2060,9,FALSE),"") -> xx | I7: =IF(C7<>"",VLOOKUP($C7,Carpetas!$C$5:$L$2060,5,FALSE),"") -> xx | K7: =E7+5 -> 44559 | L7: =VLOOKUP($C7,Carpetas!$C$5:$L$2060,4,FALSE) -> xx | M7: =K7+1 -> 44560 | N7: =IF(M7<>"",M7-E7,"-") -> 6 | O7: 1000
A8: 50 | B8: Cancelado | C8: xx | D8: Banana | E8: 44555 | F8: =IF(C8<>"",VLOOKUP($C8,Carpetas!$C$5:$L$2060,2,FALSE),"") -> xx | G8: BO | H8: =IF(C8<>"",VLOOKUP($C8,Carpetas!$C$5:$L$2060,9,FALSE),"") -> xx | I8: =IF(C8<>"",VLOOKUP($C8,Carpetas!$C$5:$L$2060,5,FALSE),"") -> xx | K8: =E8+5 -> 44560 | L8: =VLOOKUP($C8,Carpetas!$C$5:$L$2060,4,FALSE) -> xx | M8: =K8+1 -> 44561 | N8: =IF(M8<>"",M8-E8,"-") -> 6 | O8: 1000
B9: Descargado | C9: 525/ | D9: Arandano | E9: 45307 | F9: =IF(C9<>"",VLOOKUP($C9,Carpetas!$C$5:$L$2060,2,FALSE),"") -> CLA001 | G9: CL | H9: =IF(C9<>"",VLOOKUP($C9,Carpetas!$C$5:$L$2060,9,FALSE),"") -> 0 | I9: =IF(C9<>"",VLOOKUP($C9,Carpetas!$C$5:$L$2060,5,FALSE),"") -> Nihuil | K9: 45310 | L9: =VLOOKUP($C9,Carpetas!$C$5:$L$2060,4,FALSE) -> Fray Bentos | M9: =K9+1 -> 45311 | N9: =IF(M9<>"",M9-E9,"-") -> 4 | O9: 2925
B10: Descargado | C10: 23/01229/ | D10: Kiwi | E10: 45273 | F10: =IF(C10<>"",VLOOKUP($C10,Carpetas!$C$5:$L$2060,2,FALSE),"") -> ITK009 | G10: IT | H10: =IF(C10<>"",VLOOKUP($C10,Carpetas!$C$5:$L$2060,9,FALSE),"") -> 0 | I10: =IF(C10<>"",VLOOKUP($C10,Carpetas!$C$5:$L$2060,5,FALSE),"") -> Ciatran | K10: 45314 | L10: =VLOOKUP($C10,Carpetas!$C$5:$L$2060,4,FALSE) -> Montevideo | M10: =K10+1 -> 45315 | N10: =IF(M10<>"",M10-E10,"-") -> 42 | O10: 2310
B11: Descargado | C11: FT3/163/ | D11: Kiwi | E11: 45276 | F11: =IF(C11<>"",VLOOKUP($C11,Carpetas!$C$5:$L$2060,2,FALSE),"") -> ITK010 | G11: IT | H11: =IF(C11<>"",VLOOKUP($C11,Carpetas!$C$5:$L$2060,9,FALSE),"") -> 0 | I11: =IF(C11<>"",VLOOKUP($C11,Carpetas!$C$5:$L$2060,5,FALSE),"") -> Ciatran | K11: 45314 | L11: =VLOOKUP($C11,Carpetas!$C$5:$L$2060,4,FALSE) -> Montevideo | M11: =K11+1 -> 45315 | N11: =IF(M11<>"",M11-E11,"-") -> 39 | O11: 2310 | Q11: 2310 | X11: SE DESCARGO EN RIQUEZA NATURAL KIWI CAL 33 630 CAJAS, KIWI CAL 30 896 CAJAS Y KIWI CAL 27 784 CAJAS EL DIA 27/1/2024
B12: Descargado | C12: 9480/ | D12: Piña | E12: 45300 | F12: =IF(C12<>"",VLOOKUP($C12,Carpetas!$C$5:$L$2060,2,FALSE),"") -> ECA002 | G12: EC | H12: =IF(C12<>"",VLOOKUP($C12,Carpetas!$C$5:$L$2060,9,FALSE),"") -> 1481832 | I12: =IF(C12<>"",VLOOKUP($C12,Carpetas!$C$5:$L$2060,5,FALSE),"") -> Andino | K12: 45318 | L12: =VLOOKUP($C12,Carpetas!$C$5:$L$2060,4,FALSE) -> Fray Bentos | M12: =K12+1 -> 45319 | N12: =IF(M12<>"",M12-E12,"-") -> 19 | O12: 1680
B13: Descargado | C13: 7683/ | D13: Banana | E13: 45300 | F13: =IF(C13<>"",VLOOKUP($C13,Carpetas!$C$5:$L$2060,2,FALSE),"") -> ECE001 | G13: EC | H13: =IF(C13<>"",VLOOKUP($C13,Carpetas!$C$5:$L$2060,9,FALSE),"") -> 148.18.43 | I13: =IF(C13<>"",VLOOKUP($C13,Carpetas!$C$5:$L$2060,5,FALSE),"") -> Andino | K13: 45320 | L13: =VLOOKUP($C13,Carpetas!$C$5:$L$2060,4,FALSE) -> Fray Bentos | M13: 45320 | N13: =IF(M13<>"",M13-E13,"-") -> 20 | O13: 2192 | Q13: 2192 | W13: KCTC64//PYCJ21 | X13: MM 30/01 : DESCARGADO EN RIQUEZA NATURAL 2052 CAJAS DE BANANA BAGNO Y 140 CAJAS DE PLATANO BAGNO.
B14: Descargado | C14: 54065/ | D14: Palta | E14: 45315 | F14: =IF(C14<>"",VLOOKUP($C14,Carpetas!$C$5:$L$2060,2,FALSE),"") -> CLP001 | G14: EC | H14: =IF(C14<>"",VLOOKUP($C14,Carpetas!$C$5:$L$2060,9,FALSE),"") -> 148.30.99 | I14: =IF(C14<>"",VLOOKUP($C14,Carpetas!$C$5:$L$2060,5,FALSE),"") -> Nihuil | K14: 45320 | L14: =VLOOKUP($C14,Carpetas!$C$5:$L$2060,4,FALSE) -> Fray Bentos | M14: =K14+1 -> 45321 | N14: =IF(M14<>"",M14-E14,"-") -> 6 | O14: 2112
B15: Descargado | C15: 7674/ | D15: Banana | E15: 45307 | F15: =IF(C15<>"",VLOOKUP($C15,Carpetas!$C$5:$L$2060,2,FALSE),"") -> ECE002 | G15: EC | H15: =IF(C15<>"",VLOOKUP($C15,Carpetas!$C$5:$L$2060,9,FALSE),"") -> 148.18.43 | I15: =IF(C15<>"",VLOOKUP($C15,Carpetas!$C$5:$L$2060,5,FALSE),"") -> Andino | K15: 45324 | L15: =VLOOKUP($C15,Carpetas!$C$5:$L$2060,4,FALSE) -> Fray Bentos | M15: =K15+1 -> 45325 | N15: =IF(M15<>"",M15-E15,"-") -> 18 | O15: 3239 | Q15: 2159 | X15: AL: SE DESCARGARON EN RIQUEZA NATURAL 2159 CAJAS DE BAGNO.
B16: Descargado | C16: 7681/ | D16: Banana | E16: 45307 | F16: =IF(C16<>"",VLOOKUP($C16,Carpetas!$C$5:$L$2060,2,FALSE),"") -> ECE003 | G16: EC | H16: =IF(C16<>"",VLOOKUP($C16,Carpetas!$C$5:$L$2060,9,FALSE),"") -> 148.18.43 | I16: =IF(C16<>"",VLOOKUP($C16,Carpetas!$C$5:$L$2060,5,FALSE),"") -> Andino | K16: 45324 | L16: =VLOOKUP($C16,Carpetas!$C$5:$L$2060,4,FALSE) -> Fray Bentos | M16: =K16+1 -> 45325 | N16: =IF(M16<>"",M16-E16,"-") -> 18 | O16: 1112 | Q16: 1128 | X16: AL: SEDESCARGARON EN RIQUEZA NATURAL_: 918 CAJAS DE BANANA BAGNO, 210 CAJAS DE PLATANO,
B17: Descargado | C17: 9500/ | D17: Piña | E17: 45307 | F17: =IF(C17<>"",VLOOKUP($C17,Carpetas!$C$5:$L$2060,2,FALSE),"") -> ECA003 | G17: EC | H17: =IF(C17<>"",VLOOKUP($C17,Carpetas!$C$5:$L$2060,9,FALSE),"") -> 1482156 | I17: =IF(C17<>"",VLOOKUP($C17,Carpetas!$C$5:$L$2060,5,FALSE),"") -> Andino | K17: 45324 | L17: =VLOOKUP($C17,Carpetas!$C$5:$L$2060,4,FALSE) -> Fray Bentos | M17: =K17+1 -> 45325 | N17: =IF(M17<>"",M17-E17,"-") -> 18 | O17: 1680
B18: Descargado | C18: 10557/ | D18: Banana | E18: 45314 | F18: =IF(C18<>"",VLOOKUP($C18,Carpetas!$C$5:$L$2060,2,FALSE),"") -> ECB001 | G18: EC | H18: =IF(C18<>"",VLOOKUP($C18,Carpetas!$C$5:$L$2060,9,FALSE),"") -> 1482155 | I18: =IF(C18<>"",VLOOKUP($C18,Carpetas!$C$5:$L$2060,5,FALSE),"") -> Andino | K18: 45330 | L18: =VLOOKUP($C18,Carpetas!$C$5:$L$2060,4,FALSE) -> Fray Bentos | M18: =K18+1 -> 45331 | N18: =IF(M18<>"",M18-E18,"-") -> 17 | O18: 2160 | Q18: 2160 | V18: BONITA | W18: RBXC26 | X18: SE DESCARGARON EN RIQUEZA NATURAL 2160 CAJA DE BANANA BONITA
B19: Descargado | C19: 9529/ | D19: Piña | E19: 45314 | F19: =IF(C19<>"",VLOOKUP($C19,Carpetas!$C$5:$L$2060,2,FALSE),"") -> ECA004 | G19: EC | H19: =IF(C19<>"",VLOOKUP($C19,Carpetas!$C$5:$L$2060,9,FALSE),"") -> 1482164 | I19: =IF(C19<>"",VLOOKUP($C19,Carpetas!$C$5:$L$2060,5,FALSE),"") -> Andino | K19: 45330 | L19: =VLOOKUP($C19,Carpetas!$C$5:$L$2060,4,FALSE) -> Fray Bentos | M19: =K19+1 -> 45331 | N19: =IF(M19<>"",M19-E19,"-") -> 17 | O19: 1680
B20: Descargado | C20: 7694/ | D20: Banana | E20: 45314 | F20: =IF(C20<>"",VLOOKUP($C20,Carpetas!$C$5:$L$2060,2,FALSE),"") -> ECE004 | G20: EC | H20: =IF(C20<>"",VLOOKUP($C20,Carpetas!$C$5:$L$2060,9,FALSE),"") -> 1482615 | I20: =IF(C20<>"",VLOOKUP($C20,Carpetas!$C$5:$L$2060,5,FALSE),"") -> Andino | K20: 45331 | L20: =VLOOKUP($C20,Carpetas!$C$5:$L$2060,4,FALSE) -> Fray Bentos | M20: =K20+1 -> 45332 | N20: =IF(M20<>"",M20-E20,"-") -> 18 | O20: 5400 | Q20: 5400 | V20: BAGNO | W20: LJV47/KKWF65/PYCJ21/PJJR55 | X20: SE DESCARGARON EN RIQUEZA NATURAL 5400 CAJAS DE BANANA EC BAGNO.
B21: Descargado | C21: 7695/ | D21: Banana | E21: 45314 | F21: =IF(C21<>"",VLOOKUP($C21,Carpetas!$C$5:$L$2060,2,FALSE),"") -> ECE005 | G21: EC | H21: =IF(C21<>"",VLOOKUP($C21,Carpetas!$C$5:$L$2060,9,FALSE),"") -> 1482616 | I21: =IF(C21<>"",VLOOKUP($C21,Carpetas!$C$5:$L$2060,5,FALSE),"") -> Andino | K21: 45331 | L21: =VLOOKUP($C21,Carpetas!$C$5:$L$2060,4,FALSE) -> Fray Bentos | M21: =K21+1 -> 45332 | N21: =IF(M21<>"",M21-E21,"-") -> 18 | O21: 1112 | Q21: 1112 | V21: BAGNO | W21: PLFP86 | X21: SE DESCARGARON EN RIQUEZA NATURAL 972 CAJA DE BANANA BONITA, Y 140 DE PLATANO.
B22: Descargado | C22: 10634/ | D22: Banana | E22: 45321 | F22: =IF(C22<>"",VLOOKUP($C22,Carpetas!$C$5:$L$2060,2,FALSE),"") -> ECB002 | G22: EC | H22: =IF(C22<>"",VLOOKUP($C22,Carpetas!$C$5:$L$2060,9,FALSE),"") -> 1483128 | I22: =IF(C22<>"",VLOOKUP($C22,Carpetas!$C$5:$L$2060,5,FALSE),"") -> Andino | K22: 45336 | L22: =VLOOKUP($C22,Carpetas!$C$5:$L$2060,4,FALSE) -> Fray Bentos | M22: =K22+1 -> 45337 | N22: =IF(M22<>"",M22-E22,"-") -> 16 | O22: 2160 | Q22: 2160 | V22: BONITA | W22: RBXC27 | X22: 15/02: Se descargaron en Riqueza natural 2160 cajas de banana ecuador Bonita.
B23: Descargado | C23: 7703/ | D23: Banana | E23: 45321 | F23: =IF(C23<>"",VLOOKUP($C23,Carpetas!$C$5:$L$2060,2,FALSE),"") -> ECE006 | G23: EC | H23: =IF(C23<>"",VLOOKUP($C23,Carpetas!$C$5:$L$2060,9,FALSE),"") -> 1483125 | I23: =IF(C23<>"",VLOOKUP($C23,Carpetas!$C$5:$L$2060,5,FALSE),"") -> Andino | K23: 45336 | L23: =VLOOKUP($C23,Carpetas!$C$5:$L$2060,4,FALSE) -> Fray Bentos | M23: =K23+1 -> 45337 | N23: =IF(M23<>"",M23-E23,"-") -> 16 | O23: 3240 | Q23: 3240 | V23: BAGNO | W23: PYCJ24 / KFPF34/PJJR58 | X23: 15/02: Se descargaron en Riqueza natural 3240 cajas de banana ecuador BAGNO.
B24: Descargado | C24: 7704/ | D24: Banana | E24: 45321 | F24: =IF(C24<>"",VLOOKUP($C24,Carpetas!$C$5:$L$2060,2,FALSE),"") -> ECE007 | G24: EC | H24: =IF(C24<>"",VLOOKUP($C24,Carpetas!$C$5:$L$2060,9,FALSE),"") -> 1483127 | I24: =IF(C24<>"",VLOOKUP($C24,Carpetas!$C$5:$L$2060,5,FALSE),"") -> Andino | K24: 45336 | L24: =VLOOKUP($C24,Carpetas!$C$5:$L$2060,4,FALSE) -> Fray Bentos | M24: =K24+1 -> 45337 | N24: =IF(M24<>"",M24-E24,"-") -> 16 | O24: 1144 | Q24: 1144 | V24: bagno-platano | W24: kctc65 | X24: se descargo en riqueza natural 864 cajas de bagno y 280 cajas de platano el dia 15/2/2024
B25: Descargado | C25: 529/ | D25: Arandano | E25: 45334 | F25: =IF(C25<>"",VLOOKUP($C25,Carpetas!$C$5:$L$2060,2,FALSE),"") -> CLA002 | G25: CL | H25: =IF(C25<>"",VLOOKUP($C25,Carpetas!$C$5:$L$2060,9,FALSE),"") -> 0 | I25: =IF(C25<>"",VLOOKUP($C25,Carpetas!$C$5:$L$2060,5,FALSE),"") -> Nihuil | K25: =E25+4 -> 45338 | L25: =VLOOKUP($C25,Carpetas!$C$5:$L$2060,4,FALSE) -> Fray Bentos | M25: =K25+1 -> 45339 | N25: =IF(M25<>"",M25-E25,"-") -> 5 | O25: =990+6270 -> 7260
B26: Descargado | C26: 96326/ | D26: Palta | E26: 45314 | F26: =IF(C26<>"",VLOOKUP($C26,Carpetas!$C$5:$L$2060,2,FALSE),"") -> MXP001 | G26: MX | H26: =IF(C26<>"",VLOOKUP($C26,Carpetas!$C$5:$L$2060,9,FALSE),"") -> 0 | I26: =IF(C26<>"",VLOOKUP($C26,Carpetas!$C$5:$L$2060,5,FALSE),"") -> Andino | K26: 45340 | L26: =VLOOKUP($C26,Carpetas!$C$5:$L$2060,4,FALSE) -> Fray Bentos | M26: 45341 | N26: =IF(M26<>"",M26-E26,"-") -> 27 | O26: 1920 | Q26: 1920 | X26: SE DESCARGO EN RIQUEZA NATURAL 1920 CAJAS DE PALTA CAL 60 EL DIA 19/2/2024
B27: Descargado | C27: 96325/ | D27: Palta | E27: 45314 | F27: =IF(C27<>"",VLOOKUP($C27,Carpetas!$C$5:$L$2060,2,FALSE),"") -> MXP002 | G27: MX | H27: =IF(C27<>"",VLOOKUP($C27,Carpetas!$C$5:$L$2060,9,FALSE),"") -> 0 | I27: =IF(C27<>"",VLOOKUP($C27,Carpetas!$C$5:$L$2060,5,FALSE),"") -> Andino | K27: 45340 | L27: =VLOOKUP($C27,Carpetas!$C$5:$L$2060,4,FALSE) -> Fray Bentos | M27: 45341 | N27: =IF(M27<>"",M27-E27,"-") -> 27 | O27: 1920 | Q27: 1920 | X27: se descargo en riqueza natural 1920 cajas de palta 84 malla el dia 20/2/2024
B28: Descargado | C28: 7714/ | D28: Banana | E28: 45328 | F28: =IF(C28<>"",VLOOKUP($C28,Carpetas!$C$5:$L$2060,2,FALSE),"") -> ECE008 | G28: EC | H28: =IF(C28<>"",VLOOKUP($C28,Carpetas!$C$5:$L$2060,9,FALSE),"") -> 1483563 | I28: =IF(C28<>"",VLOOKUP($C28,Carpetas!$C$5:$L$2060,5,FALSE),"") -> Andino | K28: 45342 | L28: =VLOOKUP($C28,Carpetas!$C$5:$L$2060,4,FALSE) -> Fray Bentos | M28: =K28+1 -> 45343 | N28: =IF(M28<>"",M28-E28,"-") -> 15 | O28: 3240 | Q28: 3240 | V28: BAGNO | W28: PYCJ24/RBXC27/RBXC26/ | X28: SE DESCARGO EN RIQUEZA NATURAL 3240 CAJAS DE BAGNO EL DIA 21/2/2024
B29: Descargado | C29: 7715/ | D29: Banana | E29: 45328 | F29: =IF(C29<>"",VLOOKUP($C29,Carpetas!$C$5:$L$2060,2,FALSE),"") -> ECE009 | G29: EC | H29: =IF(C29<>"",VLOOKUP($C29,Carpetas!$C$5:$L$2060,9,FALSE),"") -> 1483858 | I29: =IF(C29<>"",VLOOKUP($C29,Carpetas!$C$5:$L$2060,5,FALSE),"") -> Andino | K29: 45342 | L29: =VLOOKUP($C29,Carpetas!$C$5:$L$2060,4,FALSE) -> Fray Bentos | M29: =K29+1 -> 45343 | N29: =IF(M29<>"",M29-E29,"-") -> 15 | O29: 2160 | Q29: 2160 | V29: BAGNO | W29: KKWF65/KFPF36 | X29: SE DESCARGO EN RIQUEZA NATURAL 2160 CAJAS DE BAGNO EL DIA 21/2/2024
B30: Descargado | C30: 10672/ | D30: Banana | E30: 45328 | F30: =IF(C30<>"",VLOOKUP($C30,Carpetas!$C$5:$L$2060,2,FALSE),"") -> ECB003 | G30: EC | H30: =IF(C30<>"",VLOOKUP($C30,Carpetas!$C$5:$L$2060,9,FALSE),"") -> 1483708 | I30: =IF(C30<>"",VLOOKUP($C30,Carpetas!$C$5:$L$2060,5,FALSE),"") -> Andino | K30: 45346 | L30: =VLOOKUP($C30,Carpetas!$C$5:$L$2060,4,FALSE) -> Fray Bentos | M30: =K30+1 -> 45347 | N30: =IF(M30<>"",M30-E30,"-") -> 19 | O30: 2160 | Q30: 2160 | V30: BONITA | W30: PYCJ22 / KFPF34 | X30: SE DESCARGO EN RIQUEZA NATURAL 2160CAJAS DE BONITA EL DIA 24/4/2024 Y 26/2/2024
B31: Descargado | C31: 96651/ | D31: Palta | E31: 45322 | F31: =IF(C31<>"",VLOOKUP($C31,Carpetas!$C$5:$L$2060,2,FALSE),"") -> MXP003 | G31: MX | H31: =IF(C31<>"",VLOOKUP($C31,Carpetas!$C$5:$L$2060,9,FALSE),"") -> 0 | I31: =IF(C31<>"",VLOOKUP($C31,Carpetas!$C$5:$L$2060,5,FALSE),"") -> Andino | K31: 45349 | L31: =VLOOKUP($C31,Carpetas!$C$5:$L$2060,4,FALSE) -> Fray Bentos | M31: =K31+1 -> 45350 | N31: =IF(M31<>"",M31-E31,"-") -> 28 | O31: 1920 | Q31: 1920 | V31: EXOTICO | W31: KKWF66 | X31: SE DESCARGO ENR IQUEZA NATURAL 1920 CAJAS DE PALTA CAL 84 MALLA EL DIA 28/2/2024
B32: Descargado | C32: 96650/ | D32: Palta | E32: 45322 | F32: =IF(C32<>"",VLOOKUP($C32,Carpetas!$C$5:$L$2060,2,FALSE),"") -> MXP004 | G32: MX | H32: =IF(C32<>"",VLOOKUP($C32,Carpetas!$C$5:$L$2060,9,FALSE),"") -> 0 | I32: =IF(C32<>"",VLOOKUP($C32,Carpetas!$C$5:$L$2060,5,FALSE),"") -> Andino | K32: 45349 | L32: =VLOOKUP($C32,Carpetas!$C$5:$L$2060,4,FALSE) -> Fray Bentos | M32: =K32+1 -> 45350 | N32: =IF(M32<>"",M32-E32,"-") -> 28 | O32: 1920 | Q32: 1920 | V32: EXOTICO | W32: KCTC65 | X32: SE DESCARGO ENR IQUEZA NATURAL 1920 CAJAS DE PALTA CAL 60 EL DIA 28/2/2024
B33: Descargado | C33: 9584/ | D33: Piña | E33: 45333 | F33: =IF(C33<>"",VLOOKUP($C33,Carpetas!$C$5:$L$2060,2,FALSE),"") -> ECA005 | G33: EC | H33: =IF(C33<>"",VLOOKUP($C33,Carpetas!$C$5:$L$2060,9,FALSE),"") -> 1484118 | I33: =IF(C33<>"",VLOOKUP($C33,Carpetas!$C$5:$L$2060,5,FALSE),"") -> Andino | K33: 45349 | L33: =VLOOKUP($C33,Carpetas!$C$5:$L$2060,4,FALSE) -> Fray Bentos | M33: =K33+1 -> 45350 | N33: =IF(M33<>"",M33-E33,"-") -> 17 | O33: 1680
B34: Descargado | C34: 10685/ | D34: Banana | E34: 45333 | F34: =IF(C34<>"",VLOOKUP($C34,Carpetas!$C$5:$L$2060,2,FALSE),"") -> ECB004 | G34: EC | H34: =IF(C34<>"",VLOOKUP($C34,Carpetas!$C$5:$L$2060,9,FALSE),"") -> 1484050 | I34: =IF(C34<>"",VLOOKUP($C34,Carpetas!$C$5:$L$2060,5,FALSE),"") -> Andino | K34: 45350 | L34: =VLOOKUP($C34,Carpetas!$C$5:$L$2060,4,FALSE) -> Fray Bentos | M34: =K34+1 -> 45351 | N34: =IF(M34<>"",M34-E34,"-") -> 18 | O34: 1080 | Q34: 1080 | V34: BONITA | W34: PYCJ19 | X34: SE DESCARGO EN RIQUEZA NATURAL 1080 CAJAS DE BONITA EL DIA 29/2/2024
B35: Descargado | C35: 7724/ | D35: Banana | E35: 45333 | F35: =IF(C35<>"",VLOOKUP($C35,Carpetas!$C$5:$L$2060,2,FALSE),"") -> ECE010 | G35: EC | H35: =IF(C35<>"",VLOOKUP($C35,Carpetas!$C$5:$L$2060,9,FALSE),"") -> 1484015 | I35: =IF(C35<>"",VLOOKUP($C35,Carpetas!$C$5:$L$2060,5,FALSE),"") -> Andino | K35: 45350 | L35: =VLOOKUP($C35,Carpetas!$C$5:$L$2060,4,FALSE) -> Fray Bentos | M35: =K35+1 -> 45351 | N35: =IF(M35<>"",M35-E35,"-") -> 18 | O35: 1080 | Q35: 1080 | V35: BAGNO | W35: RBXC27 / JC2408 | X35: 29/02: SE RECIBIERON EN RIQUEZA NATURAL 1080 CAJAS DE BANANA BAGNO.
B36: Descargado | C36: 7724/ | D36: Banana | E36: 45333 | F36: =IF(C36<>"",VLOOKUP($C36,Carpetas!$C$5:$L$2060,2,FALSE),"") -> ECE010 | G36: EC | H36: =IF(C36<>"",VLOOKUP($C36,Carpetas!$C$5:$L$2060,9,FALSE),"") -> 1484015 | I36: =IF(C36<>"",VLOOKUP($C36,Carpetas!$C$5:$L$2060,5,FALSE),"") -> Andino | K36: 45350 | L36: =VLOOKUP($C36,Carpetas!$C$5:$L$2060,4,FALSE) -> Fray Bentos | M36: =K36+1 -> 45351 | N36: =IF(M36<>"",M36-E36,"-") -> 18 | O36: 1080 | Q36: 1080 | V36: BAGNO | W36: KFPF36 | X36: SE DESCARGO EN RIQUEZA NATURAL 1080 CAJAS DE BAGNO EL DIA 29/2/2024
B37: Descargado | C37: 7725/ | D37: Banana | E37: 45333 | F37: =IF(C37<>"",VLOOKUP($C37,Carpetas!$C$5:$L$2060,2,FALSE),"") -> ECE011 | G37: EC | H37: =IF(C37<>"",VLOOKUP($C37,Carpetas!$C$5:$L$2060,9,FALSE),"") -> 1484016 | I37: =IF(C37<>"",VLOOKUP($C37,Carpetas!$C$5:$L$2060,5,FALSE),"") -> Andino | K37: 45350 | L37: =VLOOKUP($C37,Carpetas!$C$5:$L$2060,4,FALSE) -> Fray Bentos | M37: =K37+1 -> 45351 | N37: =IF(M37<>"",M37-E37,"-") -> 18 | O37: 1144 | Q37: 1144 | V37: RBXC26 | X37: SE DESCARGO EN RIQUEZA NATURAL 280 CAJAS DE PLATANO Y 864 CAJAS DE BAGNO EL DIA 29/2/2024
B38: Descargado | C38: 7724/ | D38: Banana | E38: 45333 | F38: =IF(C38<>"",VLOOKUP($C38,Carpetas!$C$5:$L$2060,2,FALSE),"") -> ECE010 | G38: EC | H38: =IF(C38<>"",VLOOKUP($C38,Carpetas!$C$5:$L$2060,9,FALSE),"") -> 1484015 | I38: =IF(C38<>"",VLOOKUP($C38,Carpetas!$C$5:$L$2060,5,FALSE),"") -> Andino | K38: 45351 | L38: =VLOOKUP($C38,Carpetas!$C$5:$L$2060,4,FALSE) -> Fray Bentos | M38: =K38+1 -> 45352 | N38: =IF(M38<>"",M38-E38,"-") -> 19 | O38: 1080 | Q38: 1080 | V38: BAGNO | W38: PJJR58 | X38: SE DESCARGO EN RIQUEZA NATURAL 1080 CAJAS DE BAGNO EL DIA 01/3/2024
B39: Descargado | C39: 10685/ | D39: Banana | E39: 45333 | F39: =IF(C39<>"",VLOOKUP($C39,Carpetas!$C$5:$L$2060,2,FALSE),"") -> ECB004 | G39: EC | H39: =IF(C39<>"",VLOOKUP($C39,Carpetas!$C$5:$L$2060,9,FALSE),"") -> 1484050 | I39: =IF(C39<>"",VLOOKUP($C39,Carpetas!$C$5:$L$2060,5,FALSE),"") -> Andino | K39: 45351 | L39: =VLOOKUP($C39,Carpetas!$C$5:$L$2060,4,FALSE) -> Fray Bentos | M39: =K39+1 -> 45352 | N39: =IF(M39<>"",M39-E39,"-") -> 19 | O39: 1080 | Q39: 1080 | V39: BONITA | W39: PYCJ24 | X39: SE DESCARGO EN RIQUEZA NATURAL 1080 CAJAS DE BONITA EL DIA 01/3/2024
B40: Descargado | C40: 10685/ | D40: Banana | E40: 45333 | F40: =IF(C40<>"",VLOOKUP($C40,Carpetas!$C$5:$L$2060,2,FALSE),"") -> ECB004 | G40: EC | H40: =IF(C40<>"",VLOOKUP($C40,Carpetas!$C$5:$L$2060,9,FALSE),"") -> 1484050 | I40: =IF(C40<>"",VLOOKUP($C40,Carpetas!$C$5:$L$2060,5,FALSE),"") -> Andino | K40: 45351 | L40: =VLOOKUP($C40,Carpetas!$C$5:$L$2060,4,FALSE) -> Fray Bentos | M40: =K40+1 -> 45352 | N40: =IF(M40<>"",M40-E40,"-") -> 19 | O40: 1080 | Q40: 1080 | V40: BONITA | W40: KFPF33 | X40: SE DESCARGO EN RIQUEZA NATURAL 1080 CAJAS DE BONITA EL DIA 01/3/2024
B41: Descargado | C41: 54169/ | D41: Palta | E41: 45350 | F41: =IF(C41<>"",VLOOKUP($C41,Carpetas!$C$5:$L$2060,2,FALSE),"") -> CLP002 | G41: CL | H41: =IF(C41<>"",VLOOKUP($C41,Carpetas!$C$5:$L$2060,9,FALSE),"") -> 148.30.99 | I41: =IF(C41<>"",VLOOKUP($C41,Carpetas!$C$5:$L$2060,5,FALSE),"") -> Nihuil | K41: 45355 | L41: =VLOOKUP($C41,Carpetas!$C$5:$L$2060,4,FALSE) -> Fray Bentos | M41: =K41+1 -> 45356 | N41: =IF(M41<>"",M41-E41,"-") -> 6 | O41: 2112 | Q41: 2112 | W41: RKHT85/PWYZ75 | X41: 05/03: SE DESCARGARON EN RIQUEZA NATURAL 1936 CAJAS DE PALTA PROPAL CAL. 60 Y 176 DE CAL. 84.
B42: Descargado | C42: 10770/ | D42: Banana | E42: 45340 | F42: =IF(C42<>"",VLOOKUP($C42,Carpetas!$C$5:$L$2060,2,FALSE),"") -> ECB005 | G42: EC | H42: =IF(C42<>"",VLOOKUP($C42,Carpetas!$C$5:$L$2060,9,FALSE),"") -> 1484514 | I42: =IF(C42<>"",VLOOKUP($C42,Carpetas!$C$5:$L$2060,5,FALSE),"") -> Andino | K42: 45357 | L42: =VLOOKUP($C42,Carpetas!$C$5:$L$2060,4,FALSE) -> Fray Bentos | M42: =K42+1 -> 45358 | N42: =IF(M42<>"",M42-E42,"-") -> 18 | O42: 1080 | Q42: 1080 | V42: BONITA | X42: SE DESCARGO EN RIQUEZA NATURAL 1080 CAJAS DE BONITA EL DIA 7/3/2024
B43: Descargado | C43: 7738/ | D43: Banana | E43: 45340 | F43: =IF(C43<>"",VLOOKUP($C43,Carpetas!$C$5:$L$2060,2,FALSE),"") -> ECE012 | G43: EC | H43: =IF(C43<>"",VLOOKUP($C43,Carpetas!$C$5:$L$2060,9,FALSE),"") -> 1484515 | I43: =IF(C43<>"",VLOOKUP($C43,Carpetas!$C$5:$L$2060,5,FALSE),"") -> Andino | K43: 45357 | L43: =VLOOKUP($C43,Carpetas!$C$5:$L$2060,4,FALSE) -> Fray Bentos | M43: =K43+1 -> 45358 | N43: =IF(M43<>"",M43-E43,"-") -> 18 | O43: 1080 | Q43: 1080 | V43: BAGNO | X43: SE DESCARGO EN RIQUEZA NATURAL 1080 CAJAS DE BAGNO EL DIA 7/3/2024
B44: Descargado | C44: 7738/ | D44: Banana | E44: 45340 | F44: =IF(C44<>"",VLOOKUP($C44,Carpetas!$C$5:$L$2060,2,FALSE),"") -> ECE012 | G44: EC | H44: =IF(C44<>"",VLOOKUP($C44,Carpetas!$C$5:$L$2060,9,FALSE),"") -> 1484515 | I44: =IF(C44<>"",VLOOKUP($C44,Carpetas!$C$5:$L$2060,5,FALSE),"") -> Andino | K44: 45357 | L44: =VLOOKUP($C44,Carpetas!$C$5:$L$2060,4,FALSE) -> Fray Bentos | M44: =K44+1 -> 45358 | N44: =IF(M44<>"",M44-E44,"-") -> 18 | O44: 1080 | Q44: 1080 | V44: BAGNO | X44: SE DESCARGO EN RIQUEZA NATURAL 1080 CAJAS DE BAGNO EL DIA 7/3/2024
B45: Descargado | C45: 10770/ | D45: Banana | E45: 45340 | F45: =IF(C45<>"",VLOOKUP($C45,Carpetas!$C$5:$L$2060,2,FALSE),"") -> ECB005 | G45: EC | H45: =IF(C45<>"",VLOOKUP($C45,Carpetas!$C$5:$L$2060,9,FALSE),"") -> 1484514 | I45: =IF(C45<>"",VLOOKUP($C45,Carpetas!$C$5:$L$2060,5,FALSE),"") -> Andino | K45: 45357 | L45: =VLOOKUP($C45,Carpetas!$C$5:$L$2060,4,FALSE) -> Fray Bentos | M45: =K45+1+1 -> 45359 | N45: =IF(M45<>"",M45-E45,"-") -> 19 | O45: 1080 | Q45: 1080 | V45: BONITA | X45: SE DESCARGO EN RIQUEZA NATURAL 1080 CAJAS DE BONITA EL DIA 8/3/2024
B46: Descargado | C46: 7738/ | D46: Banana | E46: 45340 | F46: =IF(C46<>"",VLOOKUP($C46,Carpetas!$C$5:$L$2060,2,FALSE),"") -> ECE012 | G46: EC | H46: =IF(C46<>"",VLOOKUP($C46,Carpetas!$C$5:$L$2060,9,FALSE),"") -> 1484515 | I46: =IF(C46<>"",VLOOKUP($C46,Carpetas!$C$5:$L$2060,5,FALSE),"") -> Andino | K46: 45357 | L46: =VLOOKUP($C46,Carpetas!$C$5:$L$2060,4,FALSE) -> Fray Bentos | M46: =K46+1+1 -> 45359 | N46: =IF(M46<>"",M46-E46,"-") -> 19 | O46: 1080 | Q46: 1080 | V46: BAGNO | X46: SE DESCARGO EN RIQUEZA NATURAL 1080 CAJAS DE BAGNO EL DIA 8/3/2024
B47: Descargado | C47: 7738/ | D47: Banana | E47: 45340 | F47: =IF(C47<>"",VLOOKUP($C47,Carpetas!$C$5:$L$2060,2,FALSE),"") -> ECE012 | G47: EC | H47: =IF(C47<>"",VLOOKUP($C47,Carpetas!$C$5:$L$2060,9,FALSE),"") -> 1484515 | I47: =IF(C47<>"",VLOOKUP($C47,Carpetas!$C$5:$L$2060,5,FALSE),"") -> Andino | K47: 45357 | L47: =VLOOKUP($C47,Carpetas!$C$5:$L$2060,4,FALSE) -> Fray Bentos | M47: =K47+1+1 -> 45359 | N47: =IF(M47<>"",M47-E47,"-") -> 19 | O47: 1080 | Q47: 1080 | V47: BAGNO | X47: SE DESCARGO EN RIQUEZA NATURAL 1080 CAJAS DE BAGNO EL DIA 8/3/2024
B48: Descargado | C48: 7738/ | D48: Banana | E48: 45340 | F48: =IF(C48<>"",VLOOKUP($C48,Carpetas!$C$5:$L$2060,2,FALSE),"") -> ECE012 | G48: EC | H48: =IF(C48<>"",VLOOKUP($C48,Carpetas!$C$5:$L$2060,9,FALSE),"") -> 1484515 | I48: =IF(C48<>"",VLOOKUP($C48,Carpetas!$C$5:$L$2060,5,FALSE),"") -> Andino | K48: 45357 | L48: =VLOOKUP($C48,Carpetas!$C$5:$L$2060,4,FALSE) -> Fray Bentos | M48: =K48+1+1 -> 45359 | N48: =IF(M48<>"",M48-E48,"-") -> 19 | O48: 1080 | Q48: 1080 | V48: bagno | X48: SE DESCARGO EN RIQUEZA NATURAL 1080 CAJAS DE BAGNO EL DIA 8/3/2024
B49: Descargado | C49: 97050/ | D49: Palta | E49: 45330 | F49: =IF(C49<>"",VLOOKUP($C49,Carpetas!$C$5:$L$2060,2,FALSE),"") -> MXP005 | G49: MX | H49: =IF(C49<>"",VLOOKUP($C49,Carpetas!$C$5:$L$2060,9,FALSE),"") -> 0 | I49: =IF(C49<>"",VLOOKUP($C49,Carpetas!$C$5:$L$2060,5,FALSE),"") -> Andino | K49: 45359 | L49: =VLOOKUP($C49,Carpetas!$C$5:$L$2060,4,FALSE) -> Fray Bentos | M49: =K49+1 -> 45360 | N49: =IF(M49<>"",M49-E49,"-") -> 30 | O49: 1920 | Q49: 1920 | V49: EXOTICO | W49: PYCJ24/JD2084 | X49: 09/03: SE RECIBIERON EN ROQUEZA NATURAL 1920 CAJAS DE PALTA MISSION CAL 84 C/MALLA.
B50: Descargado | C50: 7753// | D50: Banana | E50: 45347 | F50: =IF(C50<>"",VLOOKUP($C50,Carpetas!$C$5:$L$2060,2,FALSE),"") -> ECE013 | G50: EC | H50: =IF(C50<>"",VLOOKUP($C50,Carpetas!$C$5:$L$2060,9,FALSE),"") -> 1484937 | I50: =IF(C50<>"",VLOOKUP($C50,Carpetas!$C$5:$L$2060,5,FALSE),"") -> Andino | K50: 45363 | L50: =VLOOKUP($C50,Carpetas!$C$5:$L$2060,4,FALSE) -> Fray Bentos | M50: =K50+1 -> 45364 | N50: =IF(M50<>"",M50-E50,"-") -> 17 | O50: 1080 | Q50: 1080 | V50: bagno | W50: ljvv47 | X50: SE DESCARGO EN RIQUEZA NATURAL 1080 CAJAS DE BAGNO EL DIA 13/3/2024
B51: Descargado | C51: 7753// | D51: Banana | E51: 45347 | F51: =IF(C51<>"",VLOOKUP($C51,Carpetas!$C$5:$L$2060,2,FALSE),"") -> ECE013 | G51: EC | H51: =IF(C51<>"",VLOOKUP($C51,Carpetas!$C$5:$L$2060,9,FALSE),"") -> 1484937 | I51: =IF(C51<>"",VLOOKUP($C51,Carpetas!$C$5:$L$2060,5,FALSE),"") -> Andino | K51: 45363 | L51: =VLOOKUP($C51,Carpetas!$C$5:$L$2060,4,FALSE) -> Fray Bentos | M51: =K51+1 -> 45364 | N51: =IF(M51<>"",M51-E51,"-") -> 17 | O51: 1080 | Q51: 1080 | V51: BAGNO | W51: LJVV47 / JJ4791 | X51: 13/03: SE RECIBIERON EN RIQUEZA NATURAL 1080 CAJAS DE BANANA BAGNO.
B52: Descargado | C52: 7754/ | D52: Banana | E52: 45347 | F52: =IF(C52<>"",VLOOKUP($C52,Carpetas!$C$5:$L$2060,2,FALSE),"") -> ECE014 | G52: EC | H52: =IF(C52<>"",VLOOKUP($C52,Carpetas!$C$5:$L$2060,9,FALSE),"") -> 1484938 | I52: =IF(C52<>"",VLOOKUP($C52,Carpetas!$C$5:$L$2060,5,FALSE),"") -> Andino | K52: 45363 | L52: =VLOOKUP($C52,Carpetas!$C$5:$L$2060,4,FALSE) -> Fray Bentos | M52: =K52+1 -> 45364 | N52: =IF(M52<>"",M52-E52,"-") -> 17 | O52: 1144 | Q52: 1144 | V52: bagno platano | W52: plfp86 | X52: se descargo en riqueza natural 864 cajas de bagno y 280 cajas de platano el dia 13/3/2024
B53: Descargado | C53: 7753// | D53: Banana | E53: 45347 | F53: =IF(C53<>"",VLOOKUP($C53,Carpetas!$C$5:$L$2060,2,FALSE),"") -> ECE013 | G53: EC | H53: =IF(C53<>"",VLOOKUP($C53,Carpetas!$C$5:$L$2060,9,FALSE),"") -> 1484937 | I53: =IF(C53<>"",VLOOKUP($C53,Carpetas!$C$5:$L$2060,5,FALSE),"") -> Andino | K53: 45365 | L53: =VLOOKUP($C53,Carpetas!$C$5:$L$2060,4,FALSE) -> Fray Bentos | M53: =K53+1 -> 45366 | N53: =IF(M53<>"",M53-E53,"-") -> 19 | O53: 1080 | Q53: 1079 | V53: bagno | W53: KFPF36 | X53: SE DESCARGO EN RIQUEZA NATURAL 1079 CAJAS DE BAGNO EL DIA 15/3/2024
B54: Descargado | C54: 7753// | D54: Banana | E54: 45347 | F54: =IF(C54<>"",VLOOKUP($C54,Carpetas!$C$5:$L$2060,2,FALSE),"") -> ECE013 | G54: EC | H54: =IF(C54<>"",VLOOKUP($C54,Carpetas!$C$5:$L$2060,9,FALSE),"") -> 1484937 | I54: =IF(C54<>"",VLOOKUP($C54,Carpetas!$C$5:$L$2060,5,FALSE),"") -> Andino | K54: 45365 | L54: =VLOOKUP($C54,Carpetas!$C$5:$L$2060,4,FALSE) -> Fray Bentos | M54: =K54+1 -> 45366 | N54: =IF(M54<>"",M54-E54,"-") -> 19 | O54: 1080 | Q54: 1080 | V54: BAGNO | W54: PJJR55 | X54: SE DESCARGO EN RIQUEZA NATURAL 1080 CAJAS DE BAGNO EL DIA 16/3/2024
B55: Descargado | C55: 97264/ | D55: Palta | E55: 45330 | F55: =IF(C55<>"",VLOOKUP($C55,Carpetas!$C$5:$L$2060,2,FALSE),"") -> MXP006 | G55: MX | H55: =IF(C55<>"",VLOOKUP($C55,Carpetas!$C$5:$L$2060,9,FALSE),"") -> 0 | I55: =IF(C55<>"",VLOOKUP($C55,Carpetas!$C$5:$L$2060,5,FALSE),"") -> Andino | K55: 45366 | L55: =VLOOKUP($C55,Carpetas!$C$5:$L$2060,4,FALSE) -> Fray Bentos | M55: =K55+1 -> 45367 | N55: =IF(M55<>"",M55-E55,"-") -> 37 | O55: 1920 | Q55: 1920 | V55: EXOTICO | W55: RBXC25 | X55: 16/03:SE DESCARGO EN RIQUEZA NATURAL 1920 PALTA CAL 60 MISSION
B56: Descargado | C56: 97401/ | D56: Palta | E56: 45335 | F56: =IF(C56<>"",VLOOKUP($C56,Carpetas!$C$5:$L$2060,2,FALSE),"") -> MXP007 | G56: MX | H56: =IF(C56<>"",VLOOKUP($C56,Carpetas!$C$5:$L$2060,9,FALSE),"") -> 0 | I56: =IF(C56<>"",VLOOKUP($C56,Carpetas!$C$5:$L$2060,5,FALSE),"") -> Andino | K56: 45366 | L56: =VLOOKUP($C56,Carpetas!$C$5:$L$2060,4,FALSE) -> Fray Bentos | M56: =K56+1 -> 45367 | N56: =IF(M56<>"",M56-E56,"-") -> 32 | O56: 1920 | Q56: 1920 | V56: EXOTICO | W56: PYCJ22 | X56: SE DESCARGO EN RIQUEZA NATURAL 1920 CAJAS DE PALTA CAL 60 MISSION EL DIA 16/3/2024
B57: Descargado | C57: 9655/ | D57: Piña | E57: 45347 | F57: =IF(C57<>"",VLOOKUP($C57,Carpetas!$C$5:$L$2060,2,FALSE),"") -> ECA006 | G57: EC | H57: =IF(C57<>"",VLOOKUP($C57,Carpetas!$C$5:$L$2060,9,FALSE),"") -> 1484931 | I57: =IF(C57<>"",VLOOKUP($C57,Carpetas!$C$5:$L$2060,5,FALSE),"") -> Andino | K57: 45366 | L57: =VLOOKUP($C57,Carpetas!$C$5:$L$2060,4,FALSE) -> Fray Bentos | M57: =K57+1 -> 45367 | N57: =IF(M57<>"",M57-E57,"-") -> 20 | O57: 1680
B58: Descargado | C58: 533/ | D58: Arandano | E58: 45347 | F58: =IF(C58<>"",VLOOKUP($C58,Carpetas!$C$5:$L$2060,2,FALSE),"") -> CLA003 | G58: CL | H58: =IF(C58<>"",VLOOKUP($C58,Carpetas!$C$5:$L$2060,9,FALSE),"") -> 0 | I58: =IF(C58<>"",VLOOKUP($C58,Carpetas!$C$5:$L$2060,5,FALSE),"") -> Nihuil | K58: 45366 | L58: =VLOOKUP($C58,Carpetas!$C$5:$L$2060,4,FALSE) -> Fray Bentos | M58: =K58+1 -> 45367 | N58: =IF(M58<>"",M58-E58,"-") -> 20 | O58: 7920
B59: Descargado | C59: 10810/ | D59: Banana | E59: 45347 | F59: =IF(C59<>"",VLOOKUP($C59,Carpetas!$C$5:$L$2060,2,FALSE),"") -> ECB006 | G59: EC | H59: =IF(C59<>"",VLOOKUP($C59,Carpetas!$C$5:$L$2060,9,FALSE),"") -> 1484930 | I59: =IF(C59<>"",VLOOKUP($C59,Carpetas!$C$5:$L$2060,5,FALSE),"") -> Andino | K59: 45366 | L59: =VLOOKUP($C59,Carpetas!$C$5:$L$2060,4,FALSE) -> Fray Bentos | M59: 45370 | N59: =IF(M59<>"",M59-E59,"-") -> 23 | O59: 2160 | Q59: 2160
B60: Descargado | C60: 10848/ | D60: Banana | E60: 45354 | F60: =IF(C60<>"",VLOOKUP($C60,Carpetas!$C$5:$L$2060,2,FALSE),"") -> ECB007 | G60: EC | H60: =IF(C60<>"",VLOOKUP($C60,Carpetas!$C$5:$L$2060,9,FALSE),"") -> 1485552 | I60: =IF(C60<>"",VLOOKUP($C60,Carpetas!$C$5:$L$2060,5,FALSE),"") -> Andino | K60: 45372 | L60: =VLOOKUP($C60,Carpetas!$C$5:$L$2060,4,FALSE) -> Fray Bentos | M60: =K60+1 -> 45373 | N60: =IF(M60<>"",M60-E60,"-") -> 19 | O60: 2160 | Q60: 2160 | V60: BONITA | W60: KCTC65/PYCJ19 | X60: 22/03: SE RECIBIERON EN RIQUEZA NATURAL 2160 CAJAS DE BANANA BONITA.
B61: Descargado | C61: 7761/ | D61: Banana | E61: 45354 | F61: =IF(C61<>"",VLOOKUP($C61,Carpetas!$C$5:$L$2060,2,FALSE),"") -> ECE015 | G61: EC | H61: =IF(C61<>"",VLOOKUP($C61,Carpetas!$C$5:$L$2060,9,FALSE),"") -> 1485551 | I61: =IF(C61<>"",VLOOKUP($C61,Carpetas!$C$5:$L$2060,5,FALSE),"") -> Andino | K61: 45372 | L61: =VLOOKUP($C61,Carpetas!$C$5:$L$2060,4,FALSE) -> Fray Bentos | M61: =K61+1 -> 45373 | N61: =IF(M61<>"",M61-E61,"-") -> 19 | O61: 3240 | Q61: 3240 | V61: BAGNO | W61: KKWF66/PWVF93/PYC23 | X61: 22/03: SE RECIBIERON EN RIQUEZA NATURAL 3240 CAJAS DE BANANA BAGNO.
B62: Descargado | C62: 7761/ | D62: Banana | E62: 45354 | F62: =IF(C62<>"",VLOOKUP($C62,Carpetas!$C$5:$L$2060,2,FALSE),"") -> ECE015 | G62: EC | H62: =IF(C62<>"",VLOOKUP($C62,Carpetas!$C$5:$L$2060,9,FALSE),"") -> 1485551 | I62: =IF(C62<>"",VLOOKUP($C62,Carpetas!$C$5:$L$2060,5,FALSE),"") -> Andino | K62: 45373 | L62: =VLOOKUP($C62,Carpetas!$C$5:$L$2060,4,FALSE) -> Fray Bentos | M62: =K62+1 -> 45374 | N62: =IF(M62<>"",M62-E62,"-") -> 20 | O62: 1080 | Q62: 1080 | V62: BAGNO | W62: PJJR54 | X62: 25/03: SE RECICIERON EN RIQUEZA NATURAL 1080 CAJAS DE BANANA BAGNO.
B63: Descargado | C63: 97573/ | D63: Palta | E63: 45354 | F63: =IF(C63<>"",VLOOKUP($C63,Carpetas!$C$5:$L$2060,2,FALSE),"") -> MXP008 | G63: EC | H63: =IF(C63<>"",VLOOKUP($C63,Carpetas!$C$5:$L$2060,9,FALSE),"") -> 0 | I63: =IF(C63<>"",VLOOKUP($C63,Carpetas!$C$5:$L$2060,5,FALSE),"") -> Andino | K63: 45377 | L63: =VLOOKUP($C63,Carpetas!$C$5:$L$2060,4,FALSE) -> Fray Bentos | M63: =K63+1 -> 45378 | N63: =IF(M63<>"",M63-E63,"-") -> 24 | O63: 1920 | Q63: 1920 | V63: EXOTICO | W63: RBXC26 | X63: 27/03: SE DESCARGARON EN RIQUEZA NATURAL 1920 CAJAS DE PALTA MISSION CAL 60.
B64: Descargado | C64: 97640/ | D64: Palta | E64: 45354 | F64: =IF(C64<>"",VLOOKUP($C64,Carpetas!$C$5:$L$2060,2,FALSE),"") -> MXP009 | G64: EC | H64: =IF(C64<>"",VLOOKUP($C64,Carpetas!$C$5:$L$2060,9,FALSE),"") -> 0 | I64: =IF(C64<>"",VLOOKUP($C64,Carpetas!$C$5:$L$2060,5,FALSE),"") -> Andino | K64: 45377 | L64: =VLOOKUP($C64,Carpetas!$C$5:$L$2060,4,FALSE) -> Fray Bentos | M64: =K64+1 -> 45378 | N64: =IF(M64<>"",M64-E64,"-") -> 24 | O64: 1920 | Q64: 1920 | V64: EXOTICO | W64: RBXC26 | X64: 27/03: SE DESCARGARON EN RIQUEZA NATURAL 1920 CAJAS DE PALTA MISSION CAL 60.
B65: Descargado | C65: 97663/ | D65: Palta | E65: 45354 | F65: =IF(C65<>"",VLOOKUP($C65,Carpetas!$C$5:$L$2060,2,FALSE),"") -> MXP010 | G65: EC | H65: =IF(C65<>"",VLOOKUP($C65,Carpetas!$C$5:$L$2060,9,FALSE),"") -> 0 | I65: =IF(C65<>"",VLOOKUP($C65,Carpetas!$C$5:$L$2060,5,FALSE),"") -> Andino | K65: 45377 | L65: =VLOOKUP($C65,Carpetas!$C$5:$L$2060,4,FALSE) -> Fray Bentos | M65: =K65+1 -> 45378 | N65: =IF(M65<>"",M65-E65,"-") -> 24 | O65: 1920 | V65: EXOTICO | W65: LJVV47 | X65: 27/03:
B66: Descargado | C66: 10880/ | D66: Banana | E66: 45363 | F66: =IF(C66<>"",VLOOKUP($C66,Carpetas!$C$5:$L$2060,2,FALSE),"") -> ECB008 | G66: EC | H66: =IF(C66<>"",VLOOKUP($C66,Carpetas!$C$5:$L$2060,9,FALSE),"") -> 1486195 | I66: =IF(C66<>"",VLOOKUP($C66,Carpetas!$C$5:$L$2060,5,FALSE),"") -> Andino | K66: 45377 | L66: =VLOOKUP($C66,Carpetas!$C$5:$L$2060,4,FALSE) -> Fray Bentos | M66: =K66+1 -> 45378 | N66: =IF(M66<>"",M66-E66,"-") -> 15 | O66: 1080 | Q66: 1080 | V66: BONITA | W66: PJJR55 | X66: SE DESCARGO EN RIQUEZA NATURAL 1080 BONITA EL DIA 27/3/2024
B67: Descargado | C67: 10880/ | D67: Banana | E67: 45363 | F67: =IF(C67<>"",VLOOKUP($C67,Carpetas!$C$5:$L$2060,2,FALSE),"") -> ECB008 | G67: EC | H67: =IF(C67<>"",VLOOKUP($C67,Carpetas!$C$5:$L$2060,9,FALSE),"") -> 1486195 | I67: =IF(C67<>"",VLOOKUP($C67,Carpetas!$C$5:$L$2060,5,FALSE),"") -> Andino | K67: 45378 | L67: =VLOOKUP($C67,Carpetas!$C$5:$L$2060,4,FALSE) -> Fray Bentos | M67: =K67+1 -> 45379 | N67: =IF(M67<>"",M67-E67,"-") -> 16 | O67: 1080 | V67: BONITA | W67: PJJR55 | X67: SE DESCARGO EN RIQUEZA NATURAL 1080 BONITA EL DIA 27/3/2024
B68: Descargado | C68: 9709/ | D68: Piña | E68: 45363 | F68: =IF(C68<>"",VLOOKUP($C68,Carpetas!$C$5:$L$2060,2,FALSE),"") -> ECA007 | G68: EC | H68: =IF(C68<>"",VLOOKUP($C68,Carpetas!$C$5:$L$2060,9,FALSE),"") -> 148,61,97 | I68: =IF(C68<>"",VLOOKUP($C68,Carpetas!$C$5:$L$2060,5,FALSE),"") -> Andino | K68: 45378 | L68: =VLOOKUP($C68,Carpetas!$C$5:$L$2060,4,FALSE) -> Fray Bentos | M68: =K68+1 -> 45379 | N68: =IF(M68<>"",M68-E68,"-") -> 16 | O68: 1680
B69: Descargado | C69: 10880/ | D69: Banana | E69: 45363 | F69: =IF(C69<>"",VLOOKUP($C69,Carpetas!$C$5:$L$2060,2,FALSE),"") -> ECB008 | G69: EC | H69: =IF(C69<>"",VLOOKUP($C69,Carpetas!$C$5:$L$2060,9,FALSE),"") -> 1486195 | I69: =IF(C69<>"",VLOOKUP($C69,Carpetas!$C$5:$L$2060,5,FALSE),"") -> Andino | K69: 45381 | L69: =VLOOKUP($C69,Carpetas!$C$5:$L$2060,4,FALSE) -> Fray Bentos | M69: 45385 | N69: =IF(M69<>"",M69-E69,"-") -> 22 | O69: 1080 | V69: BONITA | X69: SE DESCARGO EN RIQUEZA NATURAL 1080 BONITA EL DIA 03/04/2024
B70: Descargado | C70: 7778/ | D70: Banana | E70: 45363 | F70: =IF(C70<>"",VLOOKUP($C70,Carpetas!$C$5:$L$2060,2,FALSE),"") -> ECE016 | G70: EC | H70: =IF(C70<>"",VLOOKUP($C70,Carpetas!$C$5:$L$2060,9,FALSE),"") -> 1486195 | I70: =IF(C70<>"",VLOOKUP($C70,Carpetas!$C$5:$L$2060,5,FALSE),"") -> Andino | K70: 45381 | L70: =VLOOKUP($C70,Carpetas!$C$5:$L$2060,4,FALSE) -> Fray Bentos | M70: 45385 | N70: =IF(M70<>"",M70-E70,"-") -> 22 | O70: 1080 | X70: 03/04:
B71: Descargado | C71: 7778/ | D71: Banana | E71: 45363 | F71: =IF(C71<>"",VLOOKUP($C71,Carpetas!$C$5:$L$2060,2,FALSE),"") -> ECE016 | G71: EC | H71: =IF(C71<>"",VLOOKUP($C71,Carpetas!$C$5:$L$2060,9,FALSE),"") -> 1486195 | I71: =IF(C71<>"",VLOOKUP($C71,Carpetas!$C$5:$L$2060,5,FALSE),"") -> Andino | K71: 45381 | L71: =VLOOKUP($C71,Carpetas!$C$5:$L$2060,4,FALSE) -> Fray Bentos | M71: 45385 | N71: =IF(M71<>"",M71-E71,"-") -> 22 | O71: =972+140 -> 1112 | X71: 03/04:
B72: Descargado | C72: 10937/ | D72: Banana | E72: 45370 | F72: =IF(C72<>"",VLOOKUP($C72,Carpetas!$C$5:$L$2060,2,FALSE),"") -> ECB009 | G72: EC | H72: =IF(C72<>"",VLOOKUP($C72,Carpetas!$C$5:$L$2060,9,FALSE),"") -> 1486672 | I72: =IF(C72<>"",VLOOKUP($C72,Carpetas!$C$5:$L$2060,5,FALSE),"") -> Andino | K72: 45385 | L72: =VLOOKUP($C72,Carpetas!$C$5:$L$2060,4,FALSE) -> Fray Bentos | M72: 45386 | N72: =IF(M72<>"",M72-E72,"-") -> 16 | O72: 1080 | Q72: 1080 | V72: BAGNO | X72: SE DESCARGO EN RIQUEZA NATURAL 1080 CAJAS DE BAGNO EL DIA 4/4/2024
B73: Descargado | C73: 7785/ | D73: Banana | E73: 45370 | F73: =IF(C73<>"",VLOOKUP($C73,Carpetas!$C$5:$L$2060,2,FALSE),"") -> ECE017 | G73: EC | H73: =IF(C73<>"",VLOOKUP($C73,Carpetas!$C$5:$L$2060,9,FALSE),"") -> 1486674 | I73: =IF(C73<>"",VLOOKUP($C73,Carpetas!$C$5:$L$2060,5,FALSE),"") -> Andino | K73: 45385 | L73: =VLOOKUP($C73,Carpetas!$C$5:$L$2060,4,FALSE) -> Fray Bentos | M73: 45386 | N73: =IF(M73<>"",M73-E73,"-") -> 16 | O73: 1080 | Q73: 1080 | V73: BAGNO | W73: KKWF66 | X73: 04/04:SE RECIBIERON EN RIQUEZA NATURAL 1080 CAJAS DE BANANA BAGNO
B74: Descargado | C74: 10938/ | D74: Banana | E74: 45370 | F74: =IF(C74<>"",VLOOKUP($C74,Carpetas!$C$5:$L$2060,2,FALSE),"") -> ECB010 | G74: EC | H74: =IF(C74<>"",VLOOKUP($C74,Carpetas!$C$5:$L$2060,9,FALSE),"") -> 1486673 | I74: =IF(C74<>"",VLOOKUP($C74,Carpetas!$C$5:$L$2060,5,FALSE),"") -> Andino | K74: 45386 | L74: =VLOOKUP($C74,Carpetas!$C$5:$L$2060,4,FALSE) -> Fray Bentos | M74: 45387 | N74: =IF(M74<>"",M74-E74,"-") -> 17 | O74: 2160 | Q74: 2160 | V74: BONITA | X74: SE DESCARGO EN RIQUEZA NATURAL 2160 CAJAS DE BONIT EL DIA 4/4/2024
B75: Descargado | C75: 7785/ | D75: Banana | E75: 45370 | F75: =IF(C75<>"",VLOOKUP($C75,Carpetas!$C$5:$L$2060,2,FALSE),"") -> ECE017 | G75: EC | H75: =IF(C75<>"",VLOOKUP($C75,Carpetas!$C$5:$L$2060,9,FALSE),"") -> 1486674 | I75: =IF(C75<>"",VLOOKUP($C75,Carpetas!$C$5:$L$2060,5,FALSE),"") -> Andino | K75: 45386 | L75: =VLOOKUP($C75,Carpetas!$C$5:$L$2060,4,FALSE) -> Fray Bentos | M75: 45387 | N75: =IF(M75<>"",M75-E75,"-") -> 17 | O75: 1080 | Q75: 1080 | V75: BAGNO | X75: SE DESCARGOE EN RIQUEZA NATURAL 1080 CAJAS DE BAGNO EL DIA 5/4/2024
B76: Descargado | C76: 10938/ | D76: Banana | E76: 45370 | F76: =IF(C76<>"",VLOOKUP($C76,Carpetas!$C$5:$L$2060,2,FALSE),"") -> ECB010 | G76: EC | H76: =IF(C76<>"",VLOOKUP($C76,Carpetas!$C$5:$L$2060,9,FALSE),"") -> 1486673 | I76: =IF(C76<>"",VLOOKUP($C76,Carpetas!$C$5:$L$2060,5,FALSE),"") -> Andino | K76: 45388 | L76: =VLOOKUP($C76,Carpetas!$C$5:$L$2060,4,FALSE) -> Fray Bentos | M76: 45390 | N76: =IF(M76<>"",M76-E76,"-") -> 20 | O76: 1080 | Q76: 1080 | V76: BONITA | W76: PJJP55 | X76: 08/04: Se descarga en Riqueza Natural 1080 cajas de banana Ecuador Bonita.
B77: Descargado | C77: 551/ | D77: Arandano | E77: 45385 | F77: =IF(C77<>"",VLOOKUP($C77,Carpetas!$C$5:$L$2060,2,FALSE),"") -> CLA004 | G77: CL | H77: =IF(C77<>"",VLOOKUP($C77,Carpetas!$C$5:$L$2060,9,FALSE),"") -> 0 | I77: =IF(C77<>"",VLOOKUP($C77,Carpetas!$C$5:$L$2060,5,FALSE),"") -> Nihuil | K77: 45390 | L77: =VLOOKUP($C77,Carpetas!$C$5:$L$2060,4,FALSE) -> Fray Bentos | M77: 45391 | N77: =IF(M77<>"",M77-E77,"-") -> 6 | O77: 7920
B78: Descargado | C78: 7800/ | D78: Banana | E78: 45377 | F78: =IF(C78<>"",VLOOKUP($C78,Carpetas!$C$5:$L$2060,2,FALSE),"") -> ECE018 | G78: EC | H78: =IF(C78<>"",VLOOKUP($C78,Carpetas!$C$5:$L$2060,9,FALSE),"") -> 1487354 | I78: =IF(C78<>"",VLOOKUP($C78,Carpetas!$C$5:$L$2060,5,FALSE),"") -> Andino | K78: 45392 | L78: =VLOOKUP($C78,Carpetas!$C$5:$L$2060,4,FALSE) -> Fray Bentos | M78: =K78+1 -> 45393 | N78: =IF(M78<>"",M78-E78,"-") -> 16 | O78: 1080 | Q78: 1080 | V78: BAGNO | X78: SE DECARGO EN RIQUEZA NATURAL 1080 CAJAS DE BAGNO EL DIA 11/4/2024
B79: Descargado | C79: 7800/ | D79: Banana | E79: 45377 | F79: =IF(C79<>"",VLOOKUP($C79,Carpetas!$C$5:$L$2060,2,FALSE),"") -> ECE018 | G79: EC | H79: =IF(C79<>"",VLOOKUP($C79,Carpetas!$C$5:$L$2060,9,FALSE),"") -> 1487354 | I79: =IF(C79<>"",VLOOKUP($C79,Carpetas!$C$5:$L$2060,5,FALSE),"") -> Andino | K79: 45392 | L79: =VLOOKUP($C79,Carpetas!$C$5:$L$2060,4,FALSE) -> Fray Bentos | M79: =K79+1 -> 45393 | N79: =IF(M79<>"",M79-E79,"-") -> 16 | O79: 1080 | Q79: 1080 | V79: BAGNO | X79: SE DECARGO EN RIQUEZA NATURAL 1080 CAJAS DE BAGNO EL DIA 11/4/2024
B80: Descargado | C80: 10970/ | D80: Banana | E80: 45377 | F80: =IF(C80<>"",VLOOKUP($C80,Carpetas!$C$5:$L$2060,2,FALSE),"") -> ECB012 | G80: EC | H80: =IF(C80<>"",VLOOKUP($C80,Carpetas!$C$5:$L$2060,9,FALSE),"") -> 1487352 | I80: =IF(C80<>"",VLOOKUP($C80,Carpetas!$C$5:$L$2060,5,FALSE),"") -> Andino | K80: 45392 | L80: =VLOOKUP($C80,Carpetas!$C$5:$L$2060,4,FALSE) -> Fray Bentos | M80: =K80+1 -> 45393 | N80: =IF(M80<>"",M80-E80,"-") -> 16 | O80: 3240 | Q80: 3240 | V80: BONITA | W80: RBXC26/PYCJ21/RBXC25 | X80: 11/04: SE DESCARGARON EN RIQUEZA NATURAL 3240 CAJAS DE BANANA ECUADOR BONITA.
B81: Descargado | C81: 7801/ | D81: Banana | E81: 45377 | F81: =IF(C81<>"",VLOOKUP($C81,Carpetas!$C$5:$L$2060,2,FALSE),"") -> ECE019 | G81: EC | H81: =IF(C81<>"",VLOOKUP($C81,Carpetas!$C$5:$L$2060,9,FALSE),"") -> 1487355 | I81: =IF(C81<>"",VLOOKUP($C81,Carpetas!$C$5:$L$2060,5,FALSE),"") -> Andino | K81: 45392 | L81: =VLOOKUP($C81,Carpetas!$C$5:$L$2060,4,FALSE) -> Fray Bentos | M81: =K81+1 -> 45393 | N81: =IF(M81<>"",M81-E81,"-") -> 16 | O81: 1112 | Q81: 1128 | V81: BAGNO-PLATANO | X81: SE DESCARGO EN RIQUEZA NATURAL 918 CAJAS DE BAGNO Y 210 CAJAS DE PLATANO EL DIA 11/4/2024
B82: Descargado | C82: 7800/ | D82: Banana | E82: 45377 | F82: =IF(C82<>"",VLOOKUP($C82,Carpetas!$C$5:$L$2060,2,FALSE),"") -> ECE018 | G82: EC | H82: =IF(C82<>"",VLOOKUP($C82,Carpetas!$C$5:$L$2060,9,FALSE),"") -> 1487354 | I82: =IF(C82<>"",VLOOKUP($C82,Carpetas!$C$5:$L$2060,5,FALSE),"") -> Andino | K82: 45393 | L82: =VLOOKUP($C82,Carpetas!$C$5:$L$2060,4,FALSE) -> Fray Bentos | M82: =K82+1 -> 45394 | N82: =IF(M82<>"",M82-E82,"-") -> 17 | O82: 1080 | Q82: 1080 | X82: 12/04:
B83: Descargado | C83: 9770/ | D83: Piña | E83: 45377 | F83: =IF(C83<>"",VLOOKUP($C83,Carpetas!$C$5:$L$2060,2,FALSE),"") -> ECA008 | G83: EC | H83: =IF(C83<>"",VLOOKUP($C83,Carpetas!$C$5:$L$2060,9,FALSE),"") -> 1487362 | I83: =IF(C83<>"",VLOOKUP($C83,Carpetas!$C$5:$L$2060,5,FALSE),"") -> Andino | K83: 45393 | L83: =VLOOKUP($C83,Carpetas!$C$5:$L$2060,4,FALSE) -> Fray Bentos | M83: =K83+1 -> 45394 | N83: =IF(M83<>"",M83-E83,"-") -> 17 | O83: 1680
B84: Descargado | C84: 10969/ | D84: Banana | E84: 45377 | F84: =IF(C84<>"",VLOOKUP($C84,Carpetas!$C$5:$L$2060,2,FALSE),"") -> ECB011 | G84: EC | H84: =IF(C84<>"",VLOOKUP($C84,Carpetas!$C$5:$L$2060,9,FALSE),"") -> 1487353 | I84: =IF(C84<>"",VLOOKUP($C84,Carpetas!$C$5:$L$2060,5,FALSE),"") -> Andino | K84: 45393 | L84: =VLOOKUP($C84,Carpetas!$C$5:$L$2060,4,FALSE) -> Fray Bentos | M84: =K84+1 -> 45394 | N84: =IF(M84<>"",M84-E84,"-") -> 17 | O84: 3240 | X84: 13/04:
B85: Descargado | C85: 562/ | D85: Zanahoria | E85: 45395 | F85: =IF(C85<>"",VLOOKUP($C85,Carpetas!$C$5:$L$2060,2,FALSE),"") -> CLZ001 | G85: EC | H85: =IF(C85<>"",VLOOKUP($C85,Carpetas!$C$5:$L$2060,9,FALSE),"") -> 148.82,27 | I85: =IF(C85<>"",VLOOKUP($C85,Carpetas!$C$5:$L$2060,5,FALSE),"") -> Nihuil | K85: 45397 | L85: =VLOOKUP($C85,Carpetas!$C$5:$L$2060,4,FALSE) -> Fray Bentos | M85: =K85+1 -> 45398 | N85: =IF(M85<>"",M85-E85,"-") -> 3 | O85: 1230
B86: Descargado | C86: 11006/ | D86: Banana | E86: 45384 | F86: =IF(C86<>"",VLOOKUP($C86,Carpetas!$C$5:$L$2060,2,FALSE),"") -> ECB013 | G86: EC | H86: =IF(C86<>"",VLOOKUP($C86,Carpetas!$C$5:$L$2060,9,FALSE),"") -> 1487863 | I86: =IF(C86<>"",VLOOKUP($C86,Carpetas!$C$5:$L$2060,5,FALSE),"") -> Andino | K86: 45400 | L86: =VLOOKUP($C86,Carpetas!$C$5:$L$2060,4,FALSE) -> Fray Bentos | M86: =K86+1 -> 45401 | N86: =IF(M86<>"",M86-E86,"-") -> 17 | O86: 3240 | V86: BONITA | W86: LJVV47 | X86: 19/04:
B87: Descargado | C87: 11007/ | D87: Banana | E87: 45384 | F87: =IF(C87<>"",VLOOKUP($C87,Carpetas!$C$5:$L$2060,2,FALSE),"") -> ECB014 | G87: EC | H87: =IF(C87<>"",VLOOKUP($C87,Carpetas!$C$5:$L$2060,9,FALSE),"") -> 1487864 | I87: =IF(C87<>"",VLOOKUP($C87,Carpetas!$C$5:$L$2060,5,FALSE),"") -> Andino | K87: 45400 | L87: =VLOOKUP($C87,Carpetas!$C$5:$L$2060,4,FALSE) -> Fray Bentos | M87: =K87+1 -> 45401 | N87: =IF(M87<>"",M87-E87,"-") -> 17 | O87: 3240 | V87: BONITA | W87: LJVV48 | X87: 19/04:
B88: Descargado | C88: 7812/ | D88: Banana | E88: 45384 | F88: =IF(C88<>"",VLOOKUP($C88,Carpetas!$C$5:$L$2060,2,FALSE),"") -> ECE020 | G88: EC | H88: =IF(C88<>"",VLOOKUP($C88,Carpetas!$C$5:$L$2060,9,FALSE),"") -> 1487865 | I88: =IF(C88<>"",VLOOKUP($C88,Carpetas!$C$5:$L$2060,5,FALSE),"") -> Andino | K88: 45400 | L88: =VLOOKUP($C88,Carpetas!$C$5:$L$2060,4,FALSE) -> Fray Bentos | M88: =K88+1 -> 45401 | N88: =IF(M88<>"",M88-E88,"-") -> 17 | O88: 2160 | Q88: 2160 | V88: BAGNO | W88: RBXC26/ PJJR55 | X88: 19/04: DESCARGA EN RIQUEZA NATURAL 2160 CAJAS DE BANANA ECUADOR BAGNO.
B89: Descargado | C89: 00307/ | D89: Kiwi | E89: 45393 | F89: =IF(C89<>"",VLOOKUP($C89,Carpetas!$C$5:$L$2060,2,FALSE),"") -> CLK001 | G89: CL | H89: =IF(C89<>"",VLOOKUP($C89,Carpetas!$C$5:$L$2060,9,FALSE),"") -> 0 | I89: =IF(C89<>"",VLOOKUP($C89,Carpetas!$C$5:$L$2060,5,FALSE),"") -> Falero | K89: 45401 | L89: =VLOOKUP($C89,Carpetas!$C$5:$L$2060,4,FALSE) -> Fray Bentos | M89: 45404 | N89: =IF(M89<>"",M89-E89,"-") -> 11 | O89: 2496
B90: Descargado | C90: 574/ | D90: Kiwi | E90: 45401 | F90: =IF(C90<>"",VLOOKUP($C90,Carpetas!$C$5:$L$2060,2,FALSE),"") -> CLK002 | G90: EC | H90: =IF(C90<>"",VLOOKUP($C90,Carpetas!$C$5:$L$2060,9,FALSE),"") -> 1499480 | I90: =IF(C90<>"",VLOOKUP($C90,Carpetas!$C$5:$L$2060,5,FALSE),"") -> Cisternas | K90: 45405 | L90: =VLOOKUP($C90,Carpetas!$C$5:$L$2060,4,FALSE) -> Fray Bentos | M90: =K90+1 -> 45406 | N90: =IF(M90<>"",M90-E90,"-") -> 5 | O90: 2288
B91: Descargado | C91: 208/ | D91: Zanahoria | E91: 45402 | F91: =IF(C91<>"",VLOOKUP($C91,Carpetas!$C$5:$L$2060,2,FALSE),"") -> CLZ002 | G91: EC | H91: =IF(C91<>"",VLOOKUP($C91,Carpetas!$C$5:$L$2060,9,FALSE),"") -> 0 | I91: =IF(C91<>"",VLOOKUP($C91,Carpetas!$C$5:$L$2060,5,FALSE),"") -> Falero | K91: 45407 | L91: =VLOOKUP($C91,Carpetas!$C$5:$L$2060,4,FALSE) -> Fray Bentos | M91: =K91+1 -> 45408 | N91: =IF(M91<>"",M91-E91,"-") -> 6 | O91: 1230
B92: Descargado | C92: 11053/ | D92: Banana | E92: 45389 | F92: =IF(C92<>"",VLOOKUP($C92,Carpetas!$C$5:$L$2060,2,FALSE),"") -> ECB015 | G92: EC | H92: =IF(C92<>"",VLOOKUP($C92,Carpetas!$C$5:$L$2060,9,FALSE),"") -> 1488112 | I92: =IF(C92<>"",VLOOKUP($C92,Carpetas!$C$5:$L$2060,5,FALSE),"") -> Andino | K92: 45407 | L92: =VLOOKUP($C92,Carpetas!$C$5:$L$2060,4,FALSE) -> Fray Bentos | M92: =K92+1 -> 45408 | N92: =IF(M92<>"",M92-E92,"-") -> 19 | O92: 2160 | Q92: 2160 | V92: BONITA | W92: PJJR58/PYCJ23 | X92: 26/4: DESCARGA EN RIQUEZA NATURAL 1080 CAJAS DE BANANA ECUADOR BONITA.
B93: Descargado | C93: 11054/ | D93: Banana | E93: 45389 | F93: =IF(C93<>"",VLOOKUP($C93,Carpetas!$C$5:$L$2060,2,FALSE),"") -> ECB016 | G93: EC | H93: =IF(C93<>"",VLOOKUP($C93,Carpetas!$C$5:$L$2060,9,FALSE),"") -> 1488113 | I93: =IF(C93<>"",VLOOKUP($C93,Carpetas!$C$5:$L$2060,5,FALSE),"") -> Andino | K93: 45407 | L93: =VLOOKUP($C93,Carpetas!$C$5:$L$2060,4,FALSE) -> Fray Bentos | M93: =K93+1 -> 45408 | N93: =IF(M93<>"",M93-E93,"-") -> 19 | O93: 2160 | Q93: 2160 | V93: BONITA | W93: PJJR54/PYCJ22 | X93: 26/4: DESCARGA EN RIQUEZA NATURAL 1080 CAJAS DE BANANA ECUADOR BONITA.
B94: Descargado | C94: 7822/ | D94: Banana | E94: 45389 | F94: =IF(C94<>"",VLOOKUP($C94,Carpetas!$C$5:$L$2060,2,FALSE),"") -> ECE021 | G94: EC | H94: =IF(C94<>"",VLOOKUP($C94,Carpetas!$C$5:$L$2060,9,FALSE),"") -> 1488115 | I94: =IF(C94<>"",VLOOKUP($C94,Carpetas!$C$5:$L$2060,5,FALSE),"") -> Andino | K94: 45407 | L94: =VLOOKUP($C94,Carpetas!$C$5:$L$2060,4,FALSE) -> Fray Bentos | M94: =K94+1 -> 45408 | N94: =IF(M94<>"",M94-E94,"-") -> 19 | O94: 2208 | Q94: 2208 | V94: BAGNO | W94: RBXC25/PLFP86 | X94: 26/04: DESCARGA EN RIQUEZA NATURAL 1998 CAJAS DE BANANA ECUADOR BAGNO, 210 DE PLATANO.
B95: Descargado | C95: 9837/ | D95: Piña | E95: 45389 | F95: =IF(C95<>"",VLOOKUP($C95,Carpetas!$C$5:$L$2060,2,FALSE),"") -> ECA009 | G95: EC | H95: =IF(C95<>"",VLOOKUP($C95,Carpetas!$C$5:$L$2060,9,FALSE),"") -> 1488133 | I95: =IF(C95<>"",VLOOKUP($C95,Carpetas!$C$5:$L$2060,5,FALSE),"") -> Andino | K95: 45407 | L95: =VLOOKUP($C95,Carpetas!$C$5:$L$2060,4,FALSE) -> Fray Bentos | M95: =K95+1 -> 45408 | N95: =IF(M95<>"",M95-E95,"-") -> 19 | O95: 1680
B96: Descargado | C96: E001-416 | D96: Palta | E96: 45398 | F96: =IF(C96<>"",VLOOKUP($C96,Carpetas!$C$5:$L$2060,2,FALSE),"") -> PEP001 | G96: PE | H96: =IF(C96<>"",VLOOKUP($C96,Carpetas!$C$5:$L$2060,9,FALSE),"") -> 0 | I96: =IF(C96<>"",VLOOKUP($C96,Carpetas!$C$5:$L$2060,5,FALSE),"") -> Andino | K96: 45414 | L96: =VLOOKUP($C96,Carpetas!$C$5:$L$2060,4,FALSE) -> Fray Bentos | M96: =K96+1 -> 45415 | N96: =IF(M96<>"",M96-E96,"-") -> 17 | O96: 1920
B97: Descargado | C97: 98010/ | D97: Palta | E97: 45360 | F97: =IF(C97<>"",VLOOKUP($C97,Carpetas!$C$5:$L$2060,2,FALSE),"") -> MXP012 | G97: PE | H97: =IF(C97<>"",VLOOKUP($C97,Carpetas!$C$5:$L$2060,9,FALSE),"") -> 0 | I97: =IF(C97<>"",VLOOKUP($C97,Carpetas!$C$5:$L$2060,5,FALSE),"") -> Ciatran | K97: 45418 | L97: =VLOOKUP($C97,Carpetas!$C$5:$L$2060,4,FALSE) -> Montevideo | M97: =K97+1 -> 45419 | N97: =IF(M97<>"",M97-E97,"-") -> 59 | O97: 1920 | Q97: 1920 | V97: EXOTICO | W97: STP-3372 | X97: 08/05: DESCARGA EN RIQUEZA NATURAL 1632 CAJAS DE PALTA MISSION CAL 60 Y 288 DE CALIBRE 84.
B98: Descargado | C98: 98011/ | D98: Palta | E98: 45360 | F98: =IF(C98<>"",VLOOKUP($C98,Carpetas!$C$5:$L$2060,2,FALSE),"") -> MXP011 | G98: PE | H98: =IF(C98<>"",VLOOKUP($C98,Carpetas!$C$5:$L$2060,9,FALSE),"") -> 0 | I98: =IF(C98<>"",VLOOKUP($C98,Carpetas!$C$5:$L$2060,5,FALSE),"") -> Ciatran | K98: 45418 | L98: =VLOOKUP($C98,Carpetas!$C$5:$L$2060,4,FALSE) -> Montevideo | M98: =K98+1 -> 45419 | N98: =IF(M98<>"",M98-E98,"-") -> 59 | O98: 1920 | Q98: 1920 | V98: EXOTICO | W98: STP-8265 | X98: 08/05: DESCARGA EN RIQUEZA NATURAL 1920 CAJAS DE PALTA CAL 60.
B99: Descargado | C99: 11117/ | D99: Banana | E99: 45404 | F99: =IF(C99<>"",VLOOKUP($C99,Carpetas!$C$5:$L$2060,2,FALSE),"") -> ECB018 | G99: EC | H99: =IF(C99<>"",VLOOKUP($C99,Carpetas!$C$5:$L$2060,9,FALSE),"") -> 1499595 | I99: =IF(C99<>"",VLOOKUP($C99,Carpetas!$C$5:$L$2060,5,FALSE),"") -> Andino | K99: 45419 | L99: =VLOOKUP($C99,Carpetas!$C$5:$L$2060,4,FALSE) -> Fray Bentos | M99: =K99+1 -> 45420 | N99: =IF(M99<>"",M99-E99,"-") -> 16 | O99: 2160
B100: Descargado | C100: 7855/ | D100: Banana | E100: 45404 | F100: =IF(C100<>"",VLOOKUP($C100,Carpetas!$C$5:$L$2060,2,FALSE),"") -> ECE022 | G100: EC | H100: =IF(C100<>"",VLOOKUP($C100,Carpetas!$C$5:$L$2060,9,FALSE),"") -> 1489497 | I100: =IF(C100<>"",VLOOKUP($C100,Carpetas!$C$5:$L$2060,5,FALSE),"") -> Andino | K100: 45421 | L100: =VLOOKUP($C100,Carpetas!$C$5:$L$2060,4,FALSE) -> Fray Bentos | M100: =K100+1 -> 45422 | N100: =IF(M100<>"",M100-E100,"-") -> 18 | O100: 1080 | Q100: 1080 | V100: BAGNO | W100: PYCJ22 | X100: 10/05: DESCARGA EN RIQUEZA NATURAL 1080 CAJAS DE BANANA ECUADOR BAGNO.
B101: Descargado | C101: 9910/ | D101: Piña | E101: 45404 | F101: =IF(C101<>"",VLOOKUP($C101,Carpetas!$C$5:$L$2060,2,FALSE),"") -> ECA010 | G101: EC | H101: =IF(C101<>"",VLOOKUP($C101,Carpetas!$C$5:$L$2060,9,FALSE),"") -> 1489473 | I101: =IF(C101<>"",VLOOKUP($C101,Carpetas!$C$5:$L$2060,5,FALSE),"") -> Andino | K101: 45425 | L101: =VLOOKUP($C101,Carpetas!$C$5:$L$2060,4,FALSE) -> Fray Bentos | M101: =K101+1 -> 45426 | N101: =IF(M101<>"",M101-E101,"-") -> 22 | O101: 1680
...

Sheet Carpetas
B2: CARPETAS DE IMPORTACIÓN - CONTROL DE CARGAS y SALDOS
B4: Fecha | C4: Fatura | D4: Carpeta | E4: Export | F4: Frontera | G4: Transp. | H4: Qtde | I4: Cargado | J4: Saldo | K4: Afidi | L4: DUA
B5: 43070 | C5: xx | D5: xx | E5: xx | F5: xx | G5: xx | H5: 1000000 | I5: =SUMIF(Cargas!$C$6:$C$1064,C5,Cargas!$O$6:$O$1064) -> 8920 | J5: =IF(ABS(H5-I5)<20,0,H5-I5) -> 991080 | K5: xx | L5: xx
B6: 43467 | C6: 2062/ | D6: ECE001 | E6: Exporsweet | F6: Montevideo | G6: Ciatran | H6: 4320 | I6: =SUMIF(Cargas!$C$6:$C$1064,C6,Cargas!$O$6:$O$1064) -> 0 | J6: =IF(ABS(H6-I6)<20,0,H6-I6) -> 4320 | K6: 1340207 | L6: 20347
B7: 43469 | C7: 3461/ | D7: ECA001 | E7: Agroeden | F7: Fray Bentos | G7: Andino | H7: 1680 | I7: =SUMIF(Cargas!$C$6:$C$1064,C7,Cargas!$O$6:$O$1064) -> 0 | J7: =IF(ABS(H7-I7)<20,0,H7-I7) -> 1680 | K7: 1340204 | L7: 11187
B8: 43469 | C8: 5/8/ | D8: ITK001 | E8: RK | F8: Montevideo | G8: Ciatran | H8: 2310 | I8: =SUMIF(Cargas!$C$6:$C$1064,C8,Cargas!$O$6:$O$1064) -> 0 | J8: =IF(ABS(H8-I8)<20,0,H8-I8) -> 2310 | K8: 1339959 | L8: 20998
B9: 43470 | C9: 4679/ | D9: ECR001 | E9: Truisfruit | F9: Fray Bentos | G9: Andino | H9: =1050*3 -> 3150 | I9: =SUMIF(Cargas!$C$6:$C$1064,C9,Cargas!$O$6:$O$1064) -> 0 | J9: =IF(ABS(H9-I9)<20,0,H9-I9) -> 3150 | K9: 1340205 | L9: 11029
B10: 43471 | C10: 4685/ | D10: ECB001 | E10: Truisfruit | F10: Montevideo | G10: Ciatran | H10: 3240 | I10: =SUMIF(Cargas!$C$6:$C$1064,C10,Cargas!$O$6:$O$1064) -> 0 | J10: =IF(ABS(H10-I10)<20,0,H10-I10) -> 3240 | K10: 1340206 | L10: 24801
B11: 43474 | C11: 2111/ | D11: ECE002 | E11: Exporsweet | F11: Montevideo | G11: Ciatran | H11: 4320 | I11: =SUMIF(Cargas!$C$6:$C$1064,C11,Cargas!$O$6:$O$1064) -> 0 | J11: =IF(ABS(H11-I11)<20,0,H11-I11) -> 4320 | K11: 1340380 | L11: 24807
B12: 43476 | C12: 2121/ | D12: ECE003 | E12: Exporsweet | F12: Montevideo | G12: Ciatran | H12: 4320 | I12: =SUMIF(Cargas!$C$6:$C$1064,C12,Cargas!$O$6:$O$1064) -> 0 | J12: =IF(ABS(H12-I12)<20,0,H12-I12) -> 4320 | K12: 1340597 | L12: 15575
B13: 43476 | C13: 4681/ | D13: ECR002 | E13: Truisfruit | F13: Fray Bentos | G13: Andino | H13: =1050*3 -> 3150 | I13: =SUMIF(Cargas!$C$6:$C$1064,C13,Cargas!$O$6:$O$1064) -> 0 | J13: =IF(ABS(H13-I13)<20,0,H13-I13) -> 3150 | K13: 1340379 | L13: 13790
B14: 43478 | C14: 4686/ | D14: ECB002 | E14: Truisfruit | F14: Montevideo | G14: Ciatran | H14: 3240 | I14: =SUMIF(Cargas!$C$6:$C$1064,C14,Cargas!$O$6:$O$1064) -> 0 | J14: =IF(ABS(H14-I14)<20,0,H14-I14) -> 3240 | K14: 1340378 | L14: 24806
B15: 43481 | C15: 2154/ | D15: ECE004 | E15: Exporsweet | F15: Montevideo | G15: Ciatran | H15: 4320 | I15: =SUMIF(Cargas!$C$6:$C$1064,C15,Cargas!$O$6:$O$1064) -> 0 | J15: =IF(ABS(H15-I15)<20,0,H15-I15) -> 4320 | K15: 1340797 | L15: 32387
B16: 43483 | C16: 3517/ | D16: ECA002 | E16: Agroeden | F16: Fray Bentos | G16: Andino | H16: 1680 | I16: =SUMIF(Cargas!$C$6:$C$1064,C16,Cargas!$O$6:$O$1064) -> 0 | J16: =IF(ABS(H16-I16)<20,0,H16-I16) -> 1680 | K16: 1340798 | L16: 18364
B17: 43483 | C17: 4709/ | D17: ECR003 | E17: Truisfruit | F17: Fray Bentos | G17: Andino | H17: =1050*3 -> 3150 | I17: =SUMIF(Cargas!$C$6:$C$1064,C17,Cargas!$O$6:$O$1064) -> 0 | J17: =IF(ABS(H17-I17)<20,0,H17-I17) -> 3150 | K17: 1340795 | L17: 18328
B18: 43485 | C18: 4710/ | D18: ECB003 | E18: Truisfruit | F18: Montevideo | G18: Ciatran | H18: 3240 | I18: =SUMIF(Cargas!$C$6:$C$1064,C18,Cargas!$O$6:$O$1064) -> 0 | J18: =IF(ABS(H18-I18)<20,0,H18-I18) -> 3240 | K18: 1340796 | L18: 32469
B19: 43487 | C19: 33/8 | D19: ITK002 | E19: RK | F19: Montevideo | G19: Ciatran | H19: 2310 | I19: =SUMIF(Cargas!$C$6:$C$1064,C19,Cargas!$O$6:$O$1064) -> 0 | J19: =IF(ABS(H19-I19)<20,0,H19-I19) -> 2310 | K19: 1341046 | L19: 30805
B20: 43488 | C20: 2192/ | D20: ECE005 | E20: Exporsweet | F20: Montevideo | G20: Ciatran | H20: 4320 | I20: =SUMIF(Cargas!$C$6:$C$1064,C20,Cargas!$O$6:$O$1064) -> 0 | J20: =IF(ABS(H20-I20)<20,0,H20-I20) -> 4320 | K20: 1341132 | L20: 32564
B21: 43489 | C21: 188/ | D21: CLP001 | E21: Fruchac | F21: Fray Bentos | G21: Nihuil | H21: 2392 | I21: =SUMIF(Cargas!$C$6:$C$1064,C21,Cargas!$O$6:$O$1064) -> 0 | J21: =IF(ABS(H21-I21)<20,0,H21-I21) -> 2392 | K21: 1341457 | L21: 15522
B22: 43491 | C22: 4729/ | D22: ECR004 | E22: Truisfruit | F22: Fray Bentos | G22: Andino | H22: =1050*3 -> 3150 | I22: =SUMIF(Cargas!$C$6:$C$1064,C22,Cargas!$O$6:$O$1064) -> 0 | J22: =IF(ABS(H22-I22)<20,0,H22-I22) -> 3150 | K22: 1341130 | L22: 22607
B23: 43491 | C23: 4750/ | D23: ECR005 | E23: Truisfruit | F23: Fray Bentos | G23: Andino | H23: =1050*3 -> 3150 | I23: =SUMIF(Cargas!$C$6:$C$1064,C23,Cargas!$O$6:$O$1064) -> 0 | J23: =IF(ABS(H23-I23)<20,0,H23-I23) -> 3150 | K23: 1341639 | L23: 27591
B24: 43492 | C24: 4730/ | D24: ECB004 | E24: Truisfruit | F24: Montevideo | G24: Ciatran | H24: 3240 | I24: =SUMIF(Cargas!$C$6:$C$1064,C24,Cargas!$O$6:$O$1064) -> 0 | J24: =IF(ABS(H24-I24)<20,0,H24-I24) -> 3240 | K24: 1341131 | L24: 32638
B25: 43495 | C25: 2229/ | D25: ECE006 | E25: Exporsweet | F25: Montevideo | G25: Ciatran | H25: 4320 | I25: =SUMIF(Cargas!$C$6:$C$1064,C25,Cargas!$O$6:$O$1064) -> 0 | J25: =IF(ABS(H25-I25)<20,0,H25-I25) -> 4320 | K25: 1341367 | L25: 37222
B26: 43498 | C26: 3563/ | D26: ECA003 | E26: Agroeden | F26: Fray Bentos | G26: Andino | H26: 1680 | I26: =SUMIF(Cargas!$C$6:$C$1064,C26,Cargas!$O$6:$O$1064) -> 0 | J26: =IF(ABS(H26-I26)<20,0,H26-I26) -> 1680 | K26: 1341640 | L26: 27614
B27: 43499 | C27: 4751/ | D27: ECB005 | E27: Truisfruit | F27: Montevideo | G27: Ciatran | H27: 3240 | I27: =SUMIF(Cargas!$C$6:$C$1064,C27,Cargas!$O$6:$O$1064) -> 0 | J27: =IF(ABS(H27-I27)<20,0,H27-I27) -> 3240 | K27: 1341639 | L27: 37223
B28: 43502 | C28: 2264/ | D28: ECE007 | E28: Exporsweet | F28: Montevideo | G28: Ciatran | H28: 4320 | I28: =SUMIF(Cargas!$C$6:$C$1064,C28,Cargas!$O$6:$O$1064) -> 0 | J28: =IF(ABS(H28-I28)<20,0,H28-I28) -> 4320 | K28: 1342093 | L28: 40102
B29: 43505 | C29: 3581/ | D29: ECA004 | E29: Agroeden | F29: Fray Bentos | G29: Andino | H29: 1680 | I29: =SUMIF(Cargas!$C$6:$C$1064,C29,Cargas!$O$6:$O$1064) -> 0 | J29: =IF(ABS(H29-I29)<20,0,H29-I29) -> 1680 | K29: 1342366 | L29: 31734
B30: 43505 | C30: 4774/ | D30: ECR006 | E30: Truisfruit | F30: Fray Bentos | G30: Uribe | H30: =1050*3 -> 3150 | I30: =SUMIF(Cargas!$C$6:$C$1064,C30,Cargas!$O$6:$O$1064) -> 0 | J30: =IF(ABS(H30-I30)<20,0,H30-I30) -> 3150 | K30: 1342091 | L30: 30897
B31: 43506 | C31: 4775/ | D31: ECB006 | E31: Truisfruit | F31: Montevideo | G31: Ciatran | H31: 3240 | I31: =SUMIF(Cargas!$C$6:$C$1064,C31,Cargas!$O$6:$O$1064) -> 0 | J31: =IF(ABS(H31-I31)<20,0,H31-I31) -> 3240 | K31: 1342092 | L31: 40758
B32: 43508 | C32: 194/ | D32: CLP002 | E32: Fruchac | F32: Fray Bentos | G32: Sarla y Ramón | H32: 2288 | I32: =SUMIF(Cargas!$C$6:$C$1064,C32,Cargas!$O$6:$O$1064) -> 0 | J32: =IF(ABS(H32-I32)<20,0,H32-I32) -> 2288 | K32: 134.25.23 | L32: 27521
B33: 43509 | C33: 2306/ | D33: ECE008 | E33: Exporsweet | F33: Montevideo | G33: Ciatran | H33: 4320 | I33: =SUMIF(Cargas!$C$6:$C$1064,C33,Cargas!$O$6:$O$1064) -> 0 | J33: =IF(ABS(H33-I33)<20,0,H33-I33) -> 4320 | K33: 1342522 | L33: 45635
B34: 43512 | C34: 4808/ | D34: ECR007 | E34: Truisfruit | F34: Fray Bentos | G34: Andino | H34: =1050*3 -> 3150 | I34: =SUMIF(Cargas!$C$6:$C$1064,C34,Cargas!$O$6:$O$1064) -> 0 | J34: =IF(ABS(H34-I34)<20,0,H34-I34) -> 3150 | K34: 1342520 | L34: 36590
B35: 43513 | C35: 4809/ | D35: ECB007 | E35: Truisfruit | F35: Montevideo | G35: Ciatran | H35: 3240 | I35: =SUMIF(Cargas!$C$6:$C$1064,C35,Cargas!$O$6:$O$1064) -> 0 | J35: =IF(ABS(H35-I35)<20,0,H35-I35) -> 3240 | K35: 1342521 | L35: 45552
B36: 43516 | C36: 2344/ | D36: ECE009 | E36: Exporsweet | F36: Montevideo | G36: Ciatran | H36: 4320 | I36: =SUMIF(Cargas!$C$6:$C$1064,C36,Cargas!$O$6:$O$1064) -> 0 | J36: =IF(ABS(H36-I36)<20,0,H36-I36) -> 4320 | K36: 1342951 | L36: 54829
B37: 43519 | C37: 3616/ | D37: ECA005 | E37: Agroeden | F37: Fray Bentos | G37: Uribe | H37: 1680 | I37: =SUMIF(Cargas!$C$6:$C$1064,C37,Cargas!$O$6:$O$1064) -> 0 | J37: =IF(ABS(H37-I37)<20,0,H37-I37) -> 1680 | K37: 1342952 | L37: 38751
B38: 43519 | C38: 2348/ | D38: ECE010 | E38: Exporsweet | F38: Fray Bentos | G38: Sarla y Ramón | H38: 2160 | I38: =SUMIF(Cargas!$C$6:$C$1064,C38,Cargas!$O$6:$O$1064) -> 0 | J38: =IF(ABS(H38-I38)<20,0,H38-I38) -> 2160 | K38: 1343036 | L38: 38214
B39: 43519 | C39: 4834/ | D39: ECR008 | E39: Truisfruit | F39: Fray Bentos | G39: Andino | H39: =1050*3 -> 3150 | I39: =SUMIF(Cargas!$C$6:$C$1064,C39,Cargas!$O$6:$O$1064) -> 0 | J39: =IF(ABS(H39-I39)<20,0,H39-I39) -> 3150 | K39: 1342950 | L39: 38964
B40: 43520 | C40: 4835/ | D40: ECB008 | E40: Truisfruit | F40: Montevideo | G40: Ciatran | H40: 3240 | I40: =SUMIF(Cargas!$C$6:$C$1064,C40,Cargas!$O$6:$O$1064) -> 0 | J40: =IF(ABS(H40-I40)<20,0,H40-I40) -> 3240 | K40: 1342949 | L40: 59131
B41: 43525 | C41: 197/ | D41: CLP003 | E41: Fruchac | F41: Fray Bentos | G41: Nihuil | H41: 1760 | I41: =SUMIF(Cargas!$C$6:$C$1064,C41,Cargas!$O$6:$O$1064) -> 0 | J41: =IF(ABS(H41-I41)<20,0,H41-I41) -> 1760 | K41: 134.33.85 | L41: 37006
B42: 43526 | C42: 3635/ | D42: ECA006 | E42: Agroeden | F42: Fray Bentos | G42: BOER-RCT | H42: 1680 | I42: =SUMIF(Cargas!$C$6:$C$1064,C42,Cargas!$O$6:$O$1064) -> 0 | J42: =IF(ABS(H42-I42)<20,0,H42-I42) -> 1680 | K42: 1343319 | L42: 44538
B43: 43526 | C43: 2385/ | D43: ECE011 | E43: Exporsweet | F43: Montevideo | G43: Ciatran | H43: 4320 | I43: =SUMIF(Cargas!$C$6:$C$1064,C43,Cargas!$O$6:$O$1064) -> 0 | J43: =IF(ABS(H43-I43)<20,0,H43-I43) -> 4320 | K43: 1343314 | L43: 54930
B44: 43526 | C44: 2384/ | D44: ECE012 | E44: Exporsweet | F44: Fray Bentos | G44: Nihuil | H44: 2160 | I44: =SUMIF(Cargas!$C$6:$C$1064,C44,Cargas!$O$6:$O$1064) -> 0 | J44: =IF(ABS(H44-I44)<20,0,H44-I44) -> 2160 | K44: 1343370 | L44: 43753
B45: 43526 | C45: 4846/ | D45: ECR009 | E45: Truisfruit | F45: Fray Bentos | G45: Uribe | H45: =1050*3 -> 3150 | I45: =SUMIF(Cargas!$C$6:$C$1064,C45,Cargas!$O$6:$O$1064) -> 0 | J45: =IF(ABS(H45-I45)<20,0,H45-I45) -> 3150 | K45: 1343317 | L45: 43720
B46: 43527 | C46: 4845/ | D46: ECB009 | E46: Truisfruit | F46: Montevideo | G46: Ciatran | H46: 3240 | I46: =SUMIF(Cargas!$C$6:$C$1064,C46,Cargas!$O$6:$O$1064) -> 0 | J46: =IF(ABS(H46-I46)<20,0,H46-I46) -> 3240 | K46: 1343316 | L46: 54866
B47: 43530 | C47: 054/ | D47: BOB001 | E47: Expofrutast | F47: Salto | G47: San Bernardo | H47: 1000 | I47: =SUMIF(Cargas!$C$6:$C$1064,C47,Cargas!$O$6:$O$1064) -> 0 | J47: =IF(ABS(H47-I47)<20,0,H47-I47) -> 1000 | K47: 1343700 | L47: 44348
B48: 43530 | C48: 2418/ | D48: ECE013 | E48: Exporsweet | F48: Montevideo | G48: Ciatran | H48: 4320 | I48: =SUMIF(Cargas!$C$6:$C$1064,C48,Cargas!$O$6:$O$1064) -> 0 | J48: =IF(ABS(H48-I48)<20,0,H48-I48) -> 4320 | K48: 1343599 | L48: 59135
B49: 43533 | C49: 063/ | D49: BOB002 | E49: Expofrutast | F49: Salto | G49: San Bernardo | H49: 1000 | I49: =SUMIF(Cargas!$C$6:$C$1064,C49,Cargas!$O$6:$O$1064) -> 0 | J49: =IF(ABS(H49-I49)<20,0,H49-I49) -> 1000 | K49: 1344748 | L49: 51096
B50: 43533 | C50: 3680/ | D50: ECA007 | E50: Agroeden | F50: Fray Bentos | G50: Andino | H50: 1680 | I50: =SUMIF(Cargas!$C$6:$C$1064,C50,Cargas!$O$6:$O$1064) -> 0 | J50: =IF(ABS(H50-I50)<20,0,H50-I50) -> 1680 | K50: 1343875 | L50: 54190
B51: 43533 | C51: 2434/ | D51: ECE014 | E51: Exporsweet | F51: Fray Bentos | G51: Nihuil | H51: 4320 | I51: =SUMIF(Cargas!$C$6:$C$1064,C51,Cargas!$O$6:$O$1064) -> 0 | J51: =IF(ABS(H51-I51)<20,0,H51-I51) -> 4320 | K51: 1343598 | L51: 48424
B52: 43533 | C52: 4870/ | D52: ECR010 | E52: Truisfruit | F52: Fray Bentos | G52: Andino | H52: 2100 | I52: =SUMIF(Cargas!$C$6:$C$1064,C52,Cargas!$O$6:$O$1064) -> 0 | J52: =IF(ABS(H52-I52)<20,0,H52-I52) -> 2100 | K52: 1343601 | L52: 47459
B53: 43534 | C53: 4871/ | D53: ECB010 | E53: Truisfruit | F53: Montevideo | G53: Ciatran | H53: 3240 | I53: =SUMIF(Cargas!$C$6:$C$1064,C53,Cargas!$O$6:$O$1064) -> 0 | J53: =IF(ABS(H53-I53)<20,0,H53-I53) -> 3240 | K53: 1343600 | L53: 59133
B54: 43537 | C54: 2464/ | D54: ECE015 | E54: Exporsweet | F54: Montevideo | G54: Ciatran | H54: 4320 | I54: =SUMIF(Cargas!$C$6:$C$1064,C54,Cargas!$O$6:$O$1064) -> 0 | J54: =IF(ABS(H54-I54)<20,0,H54-I54) -> 4320 | K54: 1343872 | L54: 62901
B55: 43541 | C55: 4919/ | D55: ECB011 | E55: Truisfruit | F55: Montevideo | G55: Ciatran | H55: 3240 | I55: =SUMIF(Cargas!$C$6:$C$1064,C55,Cargas!$O$6:$O$1064) -> 0 | J55: =IF(ABS(H55-I55)<20,0,H55-I55) -> 3240 | K55: 1343874 | L55: 63024
B56: 43544 | C56: 2565/ | D56: ECE016 | E56: Exporsweet | F56: Montevideo | G56: Ciatran | H56: 4320 | I56: =SUMIF(Cargas!$C$6:$C$1064,C56,Cargas!$O$6:$O$1064) -> 0 | J56: =IF(ABS(H56-I56)<20,0,H56-I56) -> 4320 | K56: 1344185 | L56: 65000
B57: 43548 | C57: 4948/ | D57: ECB012 | E57: Truisfruit | F57: Montevideo | G57: Ciatran | H57: 3240 | I57: =SUMIF(Cargas!$C$6:$C$1064,C57,Cargas!$O$6:$O$1064) -> 0 | J57: =IF(ABS(H57-I57)<20,0,H57-I57) -> 3240 | K57: 1344183 | L57: 65289
... B64: 43555 | C64: 4971/ | D64: ECB013 | E64: Truisfruit | F64: Montevideo | G64: Ciatran | H64: 3240 | I64: =SUMIF(Cargas!$C$6:$C$1064,C64,Cargas!$O$6:$O$1064) -> 0 | J64: =IF(ABS(H64-I64)<20,0,H64-I64) -> 3240 | K64: 1344681 | L64: 69861
B65: 43555 | C65: 4968/ | D65: ECR013 | E65: Truisfruit | F65: Fray Bentos | G65: Uribe | H65: 3150 | I65: =SUMIF(Cargas!$C$6:$C$1064,C65,Cargas!$O$6:$O$1064) -> 0 | J65: =IF(ABS(H65-I65)<20,0,H65-I65) -> 3150 | K65: 1344682 | L65: 63757
B66: 43559 | C66: 71/ | D66: BOB004 | E66: Expofrutast | F66: Salto | G66: Trimar | H66: 1000 | I66: =SUMIF(Cargas!$C$6:$C$1064,C66,Cargas!$O$6:$O$1064) -> 0 | J66: =IF(ABS(H66-I66)<20,0,H66-I66) -> 1000 | K66: 1345415 | L66: 58499
B67: 43559 | C67: 77/ | D67: BOB005 | E67: Expofrutast | F67: Salto | G67: Colque Andia(Tradex) | H67: 1000 | I67: =SUMIF(Cargas!$C$6:$C$1064,C67,Cargas!$O$6:$O$1064) -> 0 | J67: =IF(ABS(H67-I67)<20,0,H67-I67) -> 1000 | K67: 1345656 | L67: 63855
B68: 43559 | C68: 2641/ | D68: ECE018 | E68: Exporsweet | F68: Montevideo | G68: Ciatran | H68: 4320 | I68: =SUMIF(Cargas!$C$6:$C$1064,C68,Cargas!$O$6:$O$1064) -> 0 | J68: =IF(ABS(H68-I68)<20,0,H68-I68) -> 4320 | K68: 1345162 | L68: 74337
B69: 43560 | C69: 5093/ | D69: ECR018 | E69: Truisfruit | F69: Fray Bentos | G69: Andino | H69: 3150 | I69: =SUMIF(Cargas!$C$6:$C$1064,C69,Cargas!$O$6:$O$1064) -> 0 | J69: =IF(ABS(H69-I69)<20,0,H69-I69) -> 3150 | K69: 1346693 | L69: 83498
B70: 43561 | C70: 3741// | D70: ECA008 | E70: Agroeden | F70: Fray Bentos | G70: Andino | H70: 1680 | I70: =SUMIF(Cargas!$C$6:$C$1064,C70,Cargas!$O$6:$O$1064) -> 0 | J70: =IF(ABS(H70-I70)<20,0,H70-I70) -> 1680 | K70: 1345166 | L70: 67692
B71: 43562 | C71: 4981/ | D71: ECB014 | E71: Truisfruit | F71: Montevideo | G71: Ciatran | H71: 3240 | I71: =SUMIF(Cargas!$C$6:$C$1064,C71,Cargas!$O$6:$O$1064) -> 0 | J71: =IF(ABS(H71-I71)<20,0,H71-I71) -> 3240 | K71: 1345161 | L71: 74749
B72: 43565 | C72: 5024/ | D72: ECB015 | E72: Truisfruit | F72: Montevideo | G72: Ciatran | H72: 3240 | I72: =SUMIF(Cargas!$C$6:$C$1064,C72,Cargas!$O$6:$O$1064) -> 0 | J72: =IF(ABS(H72-I72)<20,0,H72-I72) -> 3240 | K72: 1345649 | L72: 78763
B73: 43565 | C73: 2682/ | D73: ECE019 | E73: Exporsweet | F73: Montevideo | G73: Ciatran | H73: 4320 | I73: =SUMIF(Cargas!$C$6:$C$1064,C73,Cargas!$O$6:$O$1064) -> 0 | J73: =IF(ABS(H73-I73)<20,0,H73-I73) -> 4320 | K73: 1345648 | L73: 79567
B74: 43566 | C74: 280// | D74: CLK001 | E74: Philiphs | F74: Fray Bentos | G74: Sarla y Ramón | H74: 2288 | I74: =SUMIF(Cargas!$C$6:$C$1064,C74,Cargas!$O$6:$O$1064) -> 0 | J74: =IF(ABS(H74-I74)<20,0,H74-I74) -> 2288 | L74: 62900
B75: 43566 | C75: 12910/ | D75: CLK002 | E75: Coopefrut | F75: Fray Bentos | G75: Sarla y Ramón | H75: 2208 | I75: =SUMIF(Cargas!$C$6:$C$1064,C75,Cargas!$O$6:$O$1064) -> 0 | J75: =IF(ABS(H75-I75)<20,0,H75-I75) -> 2208 | K75: 1345756 | L75: 62899
B76: 43567 | C76: 78/ | D76: BOB006 | E76: Expofrutast | F76: Salto | G76: Urizar | H76: 1000 | I76: =SUMIF(Cargas!$C$6:$C$1064,C76,Cargas!$O$6:$O$1064) -> 0 | J76: =IF(ABS(H76-I76)<20,0,H76-I76) -> 1000 | K76: 1345762 | L76: 65123
B77: 43568 | C77: 5023/ | D77: ECR015 | E77: Truisfruit | F77: Fray Bentos | G77: Andino | H77: 3150 | I77: =SUMIF(Cargas!$C$6:$C$1064,C77,Cargas!$O$6:$O$1064) -> 0 | J77: =IF(ABS(H77-I77)<20,0,H77-I77) -> 3150 | K77: 1345650 | L77: 70095
B78: 43570 | C78: 80/ | D78: BOB007 | E78: Expofrutast | F78: Salto | G78: San Bernardo | H78: 1000 | I78: =SUMIF(Cargas!$C$6:$C$1064,C78,Cargas!$O$6:$O$1064) -> 0 | J78: =IF(ABS(H78-I78)<20,0,H78-I78) -> 1000 | K78: 1346088 | L78: 66330
B79: 43571 | C79: 5025/ | D79: ECR014 | E79: Truisfruit | F79: Fray Bentos | G79: Andino | H79: 3150 | I79: =SUMIF(Cargas!$C$6:$C$1064,C79,Cargas!$O$6:$O$1064) -> 0 | J79: =IF(ABS(H79-I79)<20,0,H79-I79) -> 3150 | K79: 1345160 | L79: 68931
B80: 43574 | C80: 5047/ | D80: ECR016 | E80: Truisfruit | F80: Fray Bentos | G80: Andino | H80: 3150 | I80: =SUMIF(Cargas!$C$6:$C$1064,C80,Cargas!$O$6:$O$1064) -> 0 | J80: =IF(ABS(H80-I80)<20,0,H80-I80) -> 3150 | K80: 1345650 | L80: 75311
B81: 43576 | C81: 5046/ | D81: ECB016 | E81: Truisfruit | F81: Montevideo | G81: Ciatran | H81: 3240 | I81: =SUMIF(Cargas!$C$6:$C$1064,C81,Cargas!$O$6:$O$1064) -> 0 | J81: =IF(ABS(H81-I81)<20,0,H81-I81) -> 3240 | K81: 1346078 | L81: 83126
B82: 43576 | C82: 2719/ | D82: ECE020 | E82: Exporsweet | F82: Montevideo | G82: Ciatran | H82: 4320 | I82: =SUMIF(Cargas!$C$6:$C$1064,C82,Cargas!$O$6:$O$1064) -> 0 | J82: =IF(ABS(H82-I82)<20,0,H82-I82) -> 4320 | K82: 1346082 | L82: 83280
B83: 43577 | C83: 1341/ | D83: CLK004 | E83: Mace | F83: Fray Bentos | G83: Nihuil | H83: 2288 | I83: =SUMIF(Cargas!$C$6:$C$1064,C83,Cargas!$O$6:$O$1064) -> 0 | J83: =IF(ABS(H83-I83)<20,0,H83-I83) -> 2288 | K83: 1347667 | L83: 87580
B84: 43579 | C84: 081/ | D84: BOB008 | E84: Expofrutast | F84: Salto | G84: San Bernardo | H84: 1000 | I84: =SUMIF(Cargas!$C$6:$C$1064,C84,Cargas!$O$6:$O$1064) -> 0 | J84: =IF(ABS(H84-I84)<20,0,H84-I84) -> 1000 | K84: 1346089 | L84: 70042
B85: 43579 | C85: 1322/ | D85: CLK003 | E85: Mace | F85: Fray Bentos | G85: Nihuil | H85: 2288 | I85: =SUMIF(Cargas!$C$6:$C$1064,C85,Cargas!$O$6:$O$1064) -> 0 | J85: =IF(ABS(H85-I85)<20,0,H85-I85) -> 2288 | K85: 1346266 | L85: 69679
B86: 43579 | C86: 2765/ | D86: ECE021 | E86: Exporsweet | F86: Montevideo | G86: Ciatran | H86: 4320 | I86: =SUMIF(Cargas!$C$6:$C$1064,C86,Cargas!$O$6:$O$1064) -> 0 | J86: =IF(ABS(H86-I86)<20,0,H86-I86) -> 4320 | K86: 1346083 | L86: 87643
... B144: 43709 | C144: 3412/ | D144: ECE041 | E144: Exporsweet | F144: Montevideo | G144: Ciatran | H144: 4320 | I144: =SUMIF(Cargas!$C$6:$C$1064,C144,Cargas!$O$6:$O$1064) -> 0 | J144: =IF(ABS(H144-I144)<20,0,H144-I144) -> 4320 | K144: 1353757 | L144: 174321
B145: 43711 | C145: 5511/ | D145: ECB031 | E145: Truisfruit | F145: Fray Bentos | G145: Nihuil | H145: 3240 | I145: =SUMIF(Cargas!$C$6:$C$1064,C145,Cargas!$O$6:$O$1064) -> 0 | J145: =IF(ABS(H145-I145)<20,0,H145-I145) -> 3240 | K145: 1354342
B146: 43711 | C146: 3378/ | D146: ECE042 | E146: Exporsweet | F146: Fray Bentos | G146: Nihuil | H146: 2160 | I146: =SUMIF(Cargas!$C$6:$C$1064,C146,Cargas!$O$6:$O$1064) -> 0 | J146: =IF(ABS(H146-I146)<20,0,H146-I146) -> 2160 | K146: 1353822 | L146: 162772
B147: 43711 | C147: 5512/ | D147: ECR031 | E147: Truisfruit | F147: Montevideo | G147: Andino | H147: 3150 | I147: =SUMIF(Cargas!$C$6:$C$1064,C147,Cargas!$O$6:$O$1064) -> 0 | J147: =IF(ABS(H147-I147)<20,0,H147-I147) -> 3150 | K147: 1354343 | L147: 163512
B148: 43715 | C148: 3406/ | D148: ECE045 | E148: Exporsweet | F148: Fray Bentos | G148: Nihuil | H148: 2160 | I148: =SUMIF(Cargas!$C$6:$C$1064,C148,Cargas!$O$6:$O$1064) -> 0 | J148: =IF(ABS(H148-I148)<20,0,H148-I148) -> 2160 | K148: 1354366 | L148: 169108
B149: 43716 | C149: 3379/ | D149: ECE043 | E149: Exporsweet | F149: Fray Bentos | G149: Nihuil | H149: 2160 | I149: =SUMIF(Cargas!$C$6:$C$1064,C149,Cargas!$O$6:$O$1064) -> 0 | J149: =IF(ABS(H149-I149)<20,0,H149-I149) -> 2160 | K149: 1353800 | L149: 162771
B150: 43716 | C150: 3404/ | D150: ECE044 | E150: Exporsweet | F150: Montevideo | G150: Ciatran | H150: 4320 | I150: =SUMIF(Cargas!$C$6:$C$1064,C150,Cargas!$O$6:$O$1064) -> 0 | J150: =IF(ABS(H150-I150)<20,0,H150-I150) -> 4320 | K150: 1354365 | L150: 178419
B151: 43718 | C151: 5544/ | D151: ECB032 | E151: Truisfruit | F151: Fray Bentos | G151: Nihuil | H151: 3240 | I151: =SUMIF(Cargas!$C$6:$C$1064,C151,Cargas!$O$6:$O$1064) -> 0 | J151: =IF(ABS(H151-I151)<20,0,H151-I151) -> 3240 | K151: 1354821 | L151: 168150
B152: 43718 | C152: 5545/ | D152: ECR032 | E152: Truisfruit | F152: Fray Bentos | G152: Andino | H152: 3150 | I152: =SUMIF(Cargas!$C$6:$C$1064,C152,Cargas!$O$6:$O$1064) -> 0 | J152: =IF(ABS(H152-I152)<20,0,H152-I152) -> 3150 | K152: 1354822 | L152: 168149
B153: 43718 | C153: 3707/ | D153: ECV006 | E153: Mundoexport | F153: Fray Bentos | G153: Nihuil | H153: 2160 | I153: =SUMIF(Cargas!$C$6:$C$1064,C153,Cargas!$O$6:$O$1064) -> 0 | J153: =IF(ABS(H153-I153)<20,0,H153-I153) -> 2160 | K153: 1354465 | L153: 169109
B154: 43719 | C154: 1366/ | D154: CLK009 | E154: Mace | F154: Fray Bentos | G154: Nihuil | H154: 2288 | I154: =SUMIF(Cargas!$C$6:$C$1064,C154,Cargas!$O$6:$O$1064) -> 0 | J154: =IF(ABS(H154-I154)<20,0,H154-I154) -> 2288 | K154: 1355168 | L154: 157813
B155: 43723 | C155: 3446/ | D155: ECE046 | E155: Exporsweet | F155: Montevideo | G155: Ciatran | H155: 4320 | I155: =SUMIF(Cargas!$C$6:$C$1064,C155,Cargas!$O$6:$O$1064) -> 0 | J155: =IF(ABS(H155-I155)<20,0,H155-I155) -> 4320 | K155: 1354824 | L155: 183099
B156: 43724 | C156: 232/ | D156: CLP006 | E156: Fruchac | F156: Fray Bentos | G156: Sarla y Ramón | H156: 1320 | I156: =SUMIF(Cargas!$C$6:$C$1064,C156,Cargas!$O$6:$O$1064) -> 0 | J156: =IF(ABS(H156-I156)<20,0,H156-I156) -> 1320 | K156: 1355527 | L156: 167302
B157: 43725 | C157: 4213/ | D157: ECA014 | E157: Agroeden | F157: Fray Bentos | G157: Andino | H157: 1680 | I157: =SUMIF(Cargas!$C$6:$C$1064,C157,Cargas!$O$6:$O$1064) -> 0 | J157: =IF(ABS(H157-I157)<20,0,H157-I157) -> 1680 | K157: 1354826 | L157: 171972
... B174: 43746 | C174: 5655/ | D174: ECR036 | E174: Truisfruit | F174: Fray Bentos | G174: Andino | H174: 3150 | I174: =SUMIF(Cargas!$C$6:$C$1064,C174,Cargas!$O$6:$O$1064) -> 0 | J174: =IF(ABS(H174-I174)<20,0,H174-I174) -> 3150 | K174: 1356861 | L174: 187165
B175: 43747 | C175: 006/ | D175: BOB009 | E175: Bolibanana | F175: Salto | G175: transur | H175: 1000 | I175: =SUMIF(Cargas!$C$6:$C$1064,C175,Cargas!$O$6:$O$1064) -> 0 | J175: =IF(ABS(H175-I175)<20,0,H175-I175) -> 1000 | K175: 1357050 | L175: 181180 | M175: Bolibanana
B176: 43747 | C176: 068/ | D176: BOC003 | E176: Chapare | F176: Salto | G176: El Palomar | H176: 1104 | I176: =SUMIF(Cargas!$C$6:$C$1064,C176,Cargas!$O$6:$O$1064) -> 0 | J176: =IF(ABS(H176-I176)<20,0,H176-I176) -> 1104 | K176: 1357048 | L176: 178294
B177: 43747 | C177: 046/ | D177: BOB010 | E177: Expofrutast | F177: Salto | G177: Urizar | H177: 1000 | I177: =SUMIF(Cargas!$C$6:$C$1064,C177,Cargas!$O$6:$O$1064) -> 0 | J177: =IF(ABS(H177-I177)<20,0,H177-I177) -> 1000 | K177: 1357051 | L177: 181288 | M177: Expofrutast
B178: 43751 | C178: 3576/ | D178: ECE052a | E178: Exporsweet | F178: Montevideo | G178: Ciatran | H178: 2160 | I178: =SUMIF(Cargas!$C$6:$C$1064,C178,Cargas!$O$6:$O$1064) -> 0 | J178: =IF(ABS(H178-I178)<20,0,H178-I178) -> 2160 | K178: 1357045 | L178: 202460
B179: 43753 | C179: 5680/ | D179: ECB037 | E179: Truisfruit | F179: Fray Bentos | G179: Andino | H179: 3240 | I179: =SUMIF(Cargas!$C$6:$C$1064,C179,Cargas!$O$6:$O$1064) -> 0 | J179: =IF(ABS(H179-I179)<20,0,H179-I179) -> 3240 | K179: 1357405 | L179: 193058
B180: 43754 | C180: 11/ | D180: BOB011 | E180: Bolibanana | F180: Salto | G180: transur | H180: 1000 | I180: =SUMIF(Cargas!$C$6:$C$1064,C180,Cargas!$O$6:$O$1064) -> 0 | J180: =IF(ABS(H180-I180)<20,0,H180-I180) -> 1000 | K180: 1357561 | L180: 186140 | M180: Bolibanana
B181: 43754 | C181: 074/ | D181: BOC004 | E181: Chapare | F181: Salto | G181: El Palomar | H181: 1104 | I181: =SUMIF(Cargas!$C$6:$C$1064,C181,Cargas!$O$6:$O$1064) -> 0 | J181: =IF(ABS(H181-I181)<20,0,H181-I181) -> 1104 | K181: 1357560 | L181: 183205
...

Sheet Hoja1

Sheet Rangos
B2: Listas para validación de datos
B4: Status List | D4: Transporte | E4: Cajas x Viaje | G4: Fronteras | I4: Productos | J4: Iniciales
B5: Solicitado | D5: Carrusel | E5: 1080 | G5: Fray Bentos | I5: Manzana | J5: Mz
B6: Confirmado | D6: Ciatran | E6: 1080 | G6: Montevideo | I6: Papa | J6: Pa
B7: Cancelado | D7: Sarla y Ramón | E7: 1080 | G7: Salto | I7: Banana | J7: Ba
G8: Carrasco | I8: Carozos | J8: Cr
B9: Cargado | D9: Cordoba | G9: xx | I9: Kiwi | J9: Kw
I10: Palta | J10: Pl
B11: Frontera | D11: Cigliuti | E11: 1080 | I11: Cebolla | J11: CB
B12: Liberado | D12: Decre | E12: 1080 | I12: Pera | J12: Pr
I13: Boniato | J13: Bo
B14: Arribado | D14: Allen | E14: 1080 | I14: Limón | J14: Lm
B15: Puerto | D15: CSAV | E15: 2310 | I15: Varios | J15: Vr
B16: Mar | D16: El Palomar | E16: 1000 | I16: Naranja | J16: Nj
B17: Tierra | D17: xx | E17: 1000 | I17: Pomelo | J17: Pm
B18: Chile | D18: Transporte Moro | E18: 1056 | I18: Arandano | J18: Ar
B19: Aeropuerto | D19: Arcadian ltda | E19: 1080 | I19: Cereza | J19: Cr
B20: TCP | D20: Nihuil | E20: 1080 | I20: Zanahoria | J20: Zn
I21: Esparrago | J21: Es
B22: U-Log | D22: Los Primos | E22: 1080 | I22: Piña | J22: Pn
B23: Montecon | D23: BOER-RCT | E23: 1080
B24: Lobraus | D24: Andino | E24: 1080
B25: Destruida | D25: Uribe | E25: 1080
B26: Dervalix | D26: Villavicencio | E26: 1080
B27: Joanico | D27: San Bernardo | E27: 1000
B28: Descargado | D28: transur | E28: 1000
D29: Valle Grande | E29: 1080
D30: Transporte CDC
D31: 1 Sarla / 1 Nihuil
D33: Cid | E33: 1080
